PREFIJO;LOCALIDAD;PROVINCIA
11;AMBA;BUENOS AIRES
11;CIUDAD AUTONOMA DE BUENOS AIRES;CIUDAD AUTONOMA DE BUENOS AIRES
220;GENERAL LAS HERAS;BUENOS AIRES
220;LIBERTAD;BUENOS AIRES
220;MARCOS PAZ;BUENOS AIRES
220;MARIANO ACOSTA;BUENOS AIRES
220;MERLO;BUENOS AIRES
220;PLOMMER;BUENOS AIRES
220;PONTEVEDRA;BUENOS AIRES
220;VILLARS;BUENOS AIRES
2202;GONZALEZ CATAN;BUENOS AIRES
2202;VIRREY DEL PINO;BUENOS AIRES
221;ABASTO;BUENOS AIRES
221;BARRIO PARQUE SICARDI;BUENOS AIRES
221;BARTOLOME BAVIO;BUENOS AIRES
221;LA PLATA;BUENOS AIRES
221;LISANDRO OLMOS;BUENOS AIRES
221;OLIDEN;BUENOS AIRES
221;POBLET;BUENOS AIRES
2221;ATALAYA;BUENOS AIRES
2221;JOSE FERRARI;BUENOS AIRES
2221;MAGDALENA;BUENOS AIRES
2221;PIPINAS;BUENOS AIRES
2221;PUNTA INDIO;BUENOS AIRES
2221;VERONICA;BUENOS AIRES
2221;VIEYTES;BUENOS AIRES
2223;ALTAMIRANO;BUENOS AIRES
2223;CORONEL BRANDSEN;BUENOS AIRES
2223;ESTACION GOMEZ;BUENOS AIRES
2223;JEPPENER;BUENOS AIRES
2223;LOMA VERDE;BUENOS AIRES
2224;GLEW;BUENOS AIRES
2224;GUERNICA;BUENOS AIRES
2225;ALEJANDRO KORN;BUENOS AIRES
2225;DOMSELAAR;BUENOS AIRES
2225;LA CAPILLA;BUENOS AIRES
2225;SAN VICENTE;BUENOS AIRES
2226;ALEJANDRO PETION;BUENOS AIRES
2226;BARRIO SAN ESTEBAN;BUENOS AIRES
2226;CAÑUELAS;BUENOS AIRES
2226;PARAJE EL TALADRO;BUENOS AIRES
2226;URIBELARREA;BUENOS AIRES
2227;ANTONIO CARBONI;BUENOS AIRES
2227;CARLOS BEGUERIE;BUENOS AIRES
2227;LOBOS;BUENOS AIRES
2227;ROQUE PEREZ;BUENOS AIRES
2227;SALVADOR MARIA;BUENOS AIRES
2229;EL PATO;BUENOS AIRES
2229;JUAN MARIA GUTIERREZ;BUENOS AIRES
223;BARRIO EL CASAL;BUENOS AIRES
223;BARRIO LA ARMONIA;BUENOS AIRES
223;BARRIO PARQUE PEÑA;BUENOS AIRES
223;BARRIO SAN EDUARDO;BUENOS AIRES
223;BATAN;BUENOS AIRES
223;COLONIA BARRAGAN;BUENOS AIRES
223;EL FARO;BUENOS AIRES
223;ESTACION CAMET;BUENOS AIRES
223;LA BRAVA;BUENOS AIRES
223;LAS DOS MARIAS;BUENOS AIRES
223;LOS ORTIZ;BUENOS AIRES
223;MAR CHIQUITA;BUENOS AIRES
223;MAR DEL PLATA;BUENOS AIRES
223;PLAYA CHAPADMALAL;BUENOS AIRES
223;SANTA CELINA;BUENOS AIRES
223;SANTA CLARA DEL MAR;BUENOS AIRES
223;SIERRA DE LOS PADRES;BUENOS AIRES
2241;CHASCOMUS;BUENOS AIRES
2241;LA POSADA;BUENOS AIRES
2241;RANCHOS;BUENOS AIRES
2242;LEZAMA;BUENOS AIRES
2242;PILA;BUENOS AIRES
2243;GENERAL BELGRANO;BUENOS AIRES
2243;VILLANUEVA;BUENOS AIRES
2244;LAS FLORES;BUENOS AIRES
2245;CASTELLI;BUENOS AIRES
2245;DOLORES;BUENOS AIRES
2245;GENERAL CONESA;BUENOS AIRES
2245;SEVIGNE;BUENOS AIRES
2246;SANTA TERESITA;BUENOS AIRES
2252;GENERAL LAVALLE;BUENOS AIRES
2252;SAN CLEMENTE DEL TUYU;BUENOS AIRES
2254;CARILO;BUENOS AIRES
2254;PINAMAR;BUENOS AIRES
2255;VILLA GESELL;BUENOS AIRES
2257;MAR DE AJO;BUENOS AIRES
2257;SAN BERNARDO;BUENOS AIRES
2261;LOBERIA;BUENOS AIRES
2261;NAPALEOFU;BUENOS AIRES
2261;SAN MANUEL;BUENOS AIRES
2262;NECOCHEA;BUENOS AIRES
2262;PIERES;BUENOS AIRES
2264;CLARAZ;BUENOS AIRES
2264;JUAN N. FERNANDEZ;BUENOS AIRES
2264;LA DULCE;BUENOS AIRES
2264;RAMON SANTAMARINA;BUENOS AIRES
2265;CORONEL VIDAL;BUENOS AIRES
2265;GENERAL PIRAN;BUENOS AIRES
2265;VIVORATA;BUENOS AIRES
2266;BALCARCE;BUENOS AIRES
2266;LAS PIEDRITAS;BUENOS AIRES
2266;LOS PINOS;BUENOS AIRES
2266;MECHONGUE;BUENOS AIRES
2266;SAN AGUSTIN;BUENOS AIRES
2267;GENERAL MADARIAGA;BUENOS AIRES
2268;GENERAL GUIDO;BUENOS AIRES
2268;LABARDEN;BUENOS AIRES
2268;LAS ARMAS;BUENOS AIRES
2268;MAIPU;BUENOS AIRES
2268;SANTO DOMINGO;BUENOS AIRES
2271;ABBOTT;BUENOS AIRES
2271;GORCHS;BUENOS AIRES
2271;MONTE;BUENOS AIRES
2272;LAS MARIANAS;BUENOS AIRES
2272;NAVARRO;BUENOS AIRES
2272;VILLA MOLL;BUENOS AIRES
2273;CARMEN DE ARECO;BUENOS AIRES
2273;TRES SARGENTOS;BUENOS AIRES
2274;CARLOS SPEGAZZINI;BUENOS AIRES
2281;AZUL;BUENOS AIRES
2281;CACHARI;BUENOS AIRES
2281;CHILLAR;BUENOS AIRES
2283;TAPALQUE;BUENOS AIRES
2284;HINOJO;BUENOS AIRES
2284;OLAVARRIA;BUENOS AIRES
2284;SIERRAS BAYAS;BUENOS AIRES
2284;VILLA FORTABAT;BUENOS AIRES
2285;LAPRIDA;BUENOS AIRES
2286;GENERAL LAMADRID;BUENOS AIRES
2286;LA COLINA;BUENOS AIRES
2286;LAS MARTINETAS;BUENOS AIRES
2286;LIBANO;BUENOS AIRES
2286;SAN JORGE;BUENOS AIRES
2291;COMANDANTE N. OTAMENDI;BUENOS AIRES
2291;MAR DEL SUR;BUENOS AIRES
2291;MIRAMAR;BUENOS AIRES
2291;SAN EDUARDO DEL MAR;BUENOS AIRES
2292;BENITO JUAREZ;BUENOS AIRES
2292;VILLA CACIQUE;BUENOS AIRES
2296;AYACUCHO;BUENOS AIRES
2297;RAUCH;BUENOS AIRES
230;DERQUI;BUENOS AIRES
230;FATIMA;BUENOS AIRES
230;LA LONJA;BUENOS AIRES
230;LOS CARDALES;BUENOS AIRES
230;PARQUE INDUSTRIAL PILAR;BUENOS AIRES
230;PILAR;BUENOS AIRES
230;VILLA ROSA;BUENOS AIRES
2302;AGUSTONI;LA PAMPA
2302;ALTA ITALIA;LA PAMPA
2302;BERNARDO LARROUDE;LA PAMPA
2302;CEBALLOS;LA PAMPA
2302;DORILA;LA PAMPA
2302;GENERAL PICO;LA PAMPA
2302;GONZALEZ MORENO;LA PAMPA
2302;INTENDENTE ALVEAR;LA PAMPA
2302;METILEO;LA PAMPA
2302;SPELUZZI;LA PAMPA
2302;TREBOLARES;LA PAMPA
2302;TRENEL;LA PAMPA
2302;VERTIZ;LA PAMPA
2314;BOLIVAR;BUENOS AIRES
2314;ESPIGAS;BUENOS AIRES
2314;HALE;BUENOS AIRES
2314;HENDERSON;BUENOS AIRES
2314;PIROVANO;BUENOS AIRES
2314;RECALDE;BUENOS AIRES
2314;URDAMPILLETA;BUENOS AIRES
2316;ARBOLEDAS;BUENOS AIRES
2316;DAIREAUX;BUENOS AIRES
2317;12 DE OCTUBRE;BUENOS AIRES
2317;9 DE JULIO;BUENOS AIRES
2317;CARLOS MARIA NAON;BUENOS AIRES
2317;DENNEHY;BUENOS AIRES
2317;DUDIGNAC;BUENOS AIRES
2317;FRENCH;BUENOS AIRES
2317;LA NIÑA;BUENOS AIRES
2317;MOREA;BUENOS AIRES
2317;NORUMBEGA;BUENOS AIRES
2317;PATRICIOS;BUENOS AIRES
2317;QUIROGA;BUENOS AIRES
2317;TROPEZON;BUENOS AIRES
2320;DEL VISO;BUENOS AIRES
2320;GRAND BOURG;BUENOS AIRES
2320;JOSE C. PAZ;BUENOS AIRES
2320;TORTUGUITAS;BUENOS AIRES
2323;BRAHMA;BUENOS AIRES
2323;CAPILLA DEL SEÑOR;BUENOS AIRES
2323;CARLOS KEEN;BUENOS AIRES
2323;FLANDRIA;BUENOS AIRES
2323;LUJAN;BUENOS AIRES
2323;OLIVERA;BUENOS AIRES
2323;OPEN DOOR;BUENOS AIRES
2323;PARADA ROBLES;BUENOS AIRES
2323;TORRES;BUENOS AIRES
2323;VILLA RUIZ;BUENOS AIRES
2324;CASTILLA;BUENOS AIRES
2324;GENERAL RIVAS;BUENOS AIRES
2324;MERCEDES;BUENOS AIRES
2324;SUIPACHA;BUENOS AIRES
2325;AZCUENAGA;BUENOS AIRES
2325;CUCULLU;BUENOS AIRES
2325;SAN ANDRES DE GILES;BUENOS AIRES
2326;DUGGAN;BUENOS AIRES
2326;SAN ANTONIO DE ARECO;BUENOS AIRES
2326;SOLIS;BUENOS AIRES
2326;VILLA LIA;BUENOS AIRES
2331;ADOLFO VAN PRAET;LA PAMPA
2331;CORONEL HILARIO LAGOS;LA PAMPA
2331;CHAMAICO;LA PAMPA
2331;DAMIAN MAISONAVE;LA PAMPA
2331;FALUCHO;LA PAMPA
2331;PARERA;LA PAMPA
2331;QUETREQUEN;LA PAMPA
2331;RANCUL;LA PAMPA
2331;REALICO;LA PAMPA
2333;COLONIA BARON;LA PAMPA
2333;MAURICIO MAYER;LA PAMPA
2333;MIGUEL CANE;LA PAMPA
2333;QUEMU QUEMU;LA PAMPA
2333;VILLA MIRASOL;LA PAMPA
2333;WINIFREDA;LA PAMPA
2334;CONHELLO;LA PAMPA
2334;EDUARDO CASTEX;LA PAMPA
2334;MONTE NIEVAS;LA PAMPA
2335;ARATA;LA PAMPA
2335;CALEUFU;LA PAMPA
2335;EMBAJADOR MARTINI;LA PAMPA
2335;INGENIERO LUIGGI;LA PAMPA
2335;LA MARUJA;LA PAMPA
2335;PARAJE LOS HORNOS;LA PAMPA
2335;PICHI HUINCA;LA PAMPA
2336;HUINCA RENANCO;CORDOBA
2336;PINCEN;CORDOBA
2336;VILLA HUIDOBRO;CORDOBA
2337;AMERICA;BUENOS AIRES
2337;FORTIN OLAVARRIA;BUENOS AIRES
2337;ROOSEVELT;BUENOS AIRES
2337;SANSINENA;BUENOS AIRES
2338;ALGARROBO DEL AGUILA;LA PAMPA
2338;CARRO QUEMADO;LA PAMPA
2338;EL DURAZNO;LA PAMPA
2338;JAGUEL DEL MONTE;LA PAMPA
2338;LA HUMADA;LA PAMPA
2338;LA REFORMA;LA PAMPA
2338;LUAN TORO;LA PAMPA
2338;PUELEN;LA PAMPA
2338;SANTA ISABEL;LA PAMPA
2338;TELEN;LA PAMPA
2338;VICTORICA;LA PAMPA
2342;BRAGADO;BUENOS AIRES
2342;COMODORO PY;BUENOS AIRES
2342;MECHITA;BUENOS AIRES
2342;O' BRIEN;BUENOS AIRES
2342;WARNES;BUENOS AIRES
2343;ELVIRA;BUENOS AIRES
2343;ERNESTINA;BUENOS AIRES
2343;NORBERTO DE LA RIESTRA;BUENOS AIRES
2343;PEDERNALES;BUENOS AIRES
2344;ALVAREZ DE TOLEDO;BUENOS AIRES
2344;CAZON;BUENOS AIRES
2344;DEL CARRIL;BUENOS AIRES
2344;GENERAL ALVEAR;BUENOS AIRES
2344;POLVAREDAS;BUENOS AIRES
2344;SALADILLO;BUENOS AIRES
2345;25 DE MAYO;BUENOS AIRES
2345;MOSCONI;BUENOS AIRES
2345;PUEBLO DEL VALLE;BUENOS AIRES
2345;SAN ENRIQUE;BUENOS AIRES
2345;VALDES;BUENOS AIRES
2346;ALBERTI;BUENOS AIRES
2346;BENITEZ;BUENOS AIRES
2346;CORONEL MOM;BUENOS AIRES
2346;CHIVILCOY;BUENOS AIRES
2346;GOBERNADOR UGARTE;BUENOS AIRES
2346;GOROSTIAGA;BUENOS AIRES
2346;LA RICA;BUENOS AIRES
2346;MOQUEHUA;BUENOS AIRES
2346;PALEMON HUERGO;BUENOS AIRES
2346;PLA;BUENOS AIRES
2346;RAMON BIAUS;BUENOS AIRES
2346;SAN SEBASTIAN;BUENOS AIRES
2352;CUCHA CUCHA;BUENOS AIRES
2352;CHACABUCO;BUENOS AIRES
2352;IRALA;BUENOS AIRES
2352;RAWSON;BUENOS AIRES
2353;ARRIBEÑOS;BUENOS AIRES
2353;ASCENCION;BUENOS AIRES
2353;FERRE;BUENOS AIRES
2353;FORTIN TIBURCIO;BUENOS AIRES
2353;GENERAL ARENALES;BUENOS AIRES
2353;LA ANGELITA;BUENOS AIRES
2354;EL DORADO;BUENOS AIRES
2354;IRIARTE;BUENOS AIRES
2354;JUAN B. ALBERDI;BUENOS AIRES
2354;VEDIA;BUENOS AIRES
2355;ARENAZA;BUENOS AIRES
2355;BAYAUCA;BUENOS AIRES
2355;EL TRIUNFO;BUENOS AIRES
2355;LAS TOSCAS;BUENOS AIRES
2355;LINCOLN;BUENOS AIRES
2355;MARTINEZ DE HOZ;BUENOS AIRES
2355;PASTEUR;BUENOS AIRES
2355;ROBERTS;BUENOS AIRES
2356;CORONEL GRANADA;BUENOS AIRES
2356;GENERAL PINTO;BUENOS AIRES
2356;GERMANIA;BUENOS AIRES
2357;CARLOS SALAS;BUENOS AIRES
2357;CARLOS TEJEDOR;BUENOS AIRES
2357;COLONIA SERE;BUENOS AIRES
2357;CURARU;BUENOS AIRES
2357;TIMOTE;BUENOS AIRES
2358;LOS TOLDOS;BUENOS AIRES
2358;ZAVALIA;BUENOS AIRES
236;AGUSTIN ROCA;BUENOS AIRES
236;AGUSTINA;BUENOS AIRES
236;BAIGORRITA;BUENOS AIRES
236;JUNIN;BUENOS AIRES
236;LEANDRO N. ALEM;BUENOS AIRES
236;MORSE;BUENOS AIRES
236;O'HIGGINS;BUENOS AIRES
236;SAFORCADA;BUENOS AIRES
237;BARRIO MI RINCON;BUENOS AIRES
237;FRANCISCO ALVAREZ;BUENOS AIRES
237;GENERAL RODRIGUEZ;BUENOS AIRES
237;MORENO;BUENOS AIRES
2392;30 DE AGOSTO;BUENOS AIRES
2392;BERUTTI;BUENOS AIRES
2392;PELLEGRINI;BUENOS AIRES
2392;TRENQUE LAUQUEN;BUENOS AIRES
2393;SALAZAR;BUENOS AIRES
2394;INGENIERO THOMSON;BUENOS AIRES
2394;QUENUMA;BUENOS AIRES
2394;SALLIQUELO;BUENOS AIRES
2394;TRES LOMAS;BUENOS AIRES
2395;BELLOCQ;BUENOS AIRES
2395;CADRET;BUENOS AIRES
2395;CARLOS CASARES;BUENOS AIRES
2395;MAURICIO HIRSCH;BUENOS AIRES
2395;MOCTEZUMA;BUENOS AIRES
2395;SANTO TOMAS;BUENOS AIRES
2395;SMITH;BUENOS AIRES
2396;CHICLANA;BUENOS AIRES
2396;FRANCISCO MADERO;BUENOS AIRES
2396;GUANACO;BUENOS AIRES
2396;JUAN JOSE PASO;BUENOS AIRES
2396;MAGDALA;BUENOS AIRES
2396;MONES CAZON;BUENOS AIRES
2396;NUEVA PLATA;BUENOS AIRES
2396;PEHUAJO;BUENOS AIRES
2473;COLON;BUENOS AIRES
2473;EL ARBOLITO;BUENOS AIRES
2473;HUGHES;SANTA FE
2473;JUNCAL;BUENOS AIRES
2473;WHEELWRIGHT;SANTA FE
2474;GAHAN;BUENOS AIRES
2474;INES INDART;BUENOS AIRES
2474;SALTO;BUENOS AIRES
2475;CARABELAS;BUENOS AIRES
2475;RAFAEL OBLIGADO;BUENOS AIRES
2475;ROJAS;BUENOS AIRES
2477;ACEVEDO;BUENOS AIRES
2477;ARROYO DULCE;BUENOS AIRES
2477;EL SOCORRO;BUENOS AIRES
2477;FONTEZUELA;BUENOS AIRES
2477;GUERRICO;BUENOS AIRES
2477;JUAN DE LA PEÑA;BUENOS AIRES
2477;M. H. ALFONZO;BUENOS AIRES
2477;MANUEL OCAMPO;BUENOS AIRES
2477;MARIANO BENITEZ;BUENOS AIRES
2477;PEARSON;BUENOS AIRES
2477;PERGAMINO;BUENOS AIRES
2477;PINZON;BUENOS AIRES
2477;RANCAGUA;BUENOS AIRES
2477;URQUIZA;BUENOS AIRES
2477;GENERAL GELLY;SANTA FE
2478;ARRECIFES;BUENOS AIRES
2478;CAPITAN SARMIENTO;BUENOS AIRES
2478;ESTACION VIÑA;BUENOS AIRES
2478;TODD;BUENOS AIRES
249;GARDEY;BUENOS AIRES
249;TANDIL;BUENOS AIRES
249;VELA;BUENOS AIRES
260;25 DE MAYO;MENDOZA
260;AGUA ESCONDIDA;MENDOZA
260;BARDAS BLANCAS;MENDOZA
260;CAÑADA SECA;MENDOZA
260;COLONIA ELENA;MENDOZA
260;EL ALAMBRADO;MENDOZA
260;EL MANZANO;MENDOZA
260;EL NIHUIL;MENDOZA
260;GOUDGE;MENDOZA
260;LA CORTADERA;MENDOZA
260;LA JUNTA;MENDOZA
260;LA LLAVE NUEVA;MENDOZA
260;LA NORA;MENDOZA
260;LAS LOICAS;MENDOZA
260;LAS MALVINAS;MENDOZA
260;LOS CLAVELES;MENDOZA
260;LOS MOLLES;MENDOZA
260;MALARGÜE;MENDOZA
260;MONTE COMAN;MENDOZA
260;ÑACUÑAN;MENDOZA
260;PATA MORA;MENDOZA
260;RANQUIL NORTE;MENDOZA
260;SAN RAFAEL;MENDOZA
260;VALLE GRANDE;MENDOZA
261;AGRELO;MENDOZA
261;ALTO DEL OLVIDO;MENDOZA
261;BARRANCAS;MENDOZA
261;BLANCO ENCALADA;MENDOZA
261;COLONIA / LOTEO NEVOT;MENDOZA
261;COLONIA ITALIA;MENDOZA
261;COLONIA SAN FRANCISCO;MENDOZA
261;COLONIA SUIZA;MENDOZA
261;COLONIA TRES DE MAYO;MENDOZA
261;CRUZ DE PIEDRA;MENDOZA
261;CHACRAS DE CORIA;MENDOZA
261;EL CARRIZAL DE ABAJO;MENDOZA
261;EL CARRIZAL DE ARRIBA;MENDOZA
261;EL CHICAL;MENDOZA
261;FRAY LUIS BELTRAN;MENDOZA
261;JOCOLI;MENDOZA
261;JOCOLI VIEJO;MENDOZA
261;LA PALMERA;MENDOZA
261;LA PEGA;MENDOZA
261;LAS VIOLETAS;MENDOZA
261;LAVALLE;MENDOZA
261;LOTEO CAVERO Y BARRIO LA COLMENA;MENDOZA
261;LUJAN DE CUYO;MENDOZA
261;MAIPU;MENDOZA
261;MENDOZA;MENDOZA
261;RODEO DE LA CRUZ;MENDOZA
261;RODEO DEL MEDIO;MENDOZA
261;SAN JOSE;MENDOZA
261;SGUAZZINI;MENDOZA
261;TERMAS VILLAVICENCIO;MENDOZA
261;UGARTECHE;MENDOZA
2622;COLONIA LAS ROSAS;MENDOZA
2622;CORDON DEL PLATA;MENDOZA
2622;EL ZAMPAL;MENDOZA
2622;EUGENIO BUSTOS;MENDOZA
2622;LA CONSULTA;MENDOZA
2622;LOS SAUCES;MENDOZA
2622;PAREDITAS;MENDOZA
2622;SAN PABLO;MENDOZA
2622;TUNUYAN;MENDOZA
2622;TUPUNGATO;MENDOZA
2622;VISTA FLORES;MENDOZA
2622;ZAPATA;MENDOZA
2624;CACHEUTA;MENDOZA
2624;LAS CARDITAS;MENDOZA
2624;LAS CUEVAS;MENDOZA
2624;LAS VEGAS;MENDOZA
2624;LOS HORCONES;MENDOZA
2624;LOS PENITENTES;MENDOZA
2624;PLAZA DE MULAS;MENDOZA
2624;POLVAREDAS;MENDOZA
2624;POTRERILLOS;MENDOZA
2624;PUENTE DEL INCA;MENDOZA
2624;PUNTA DE VACAS;MENDOZA
2624;USPALLATA;MENDOZA
2625;BOWEN;MENDOZA
2625;CALLE LARGA;MENDOZA
2625;CANALEJAS;MENDOZA
2625;CARMENSA;MENDOZA
2625;COCHICO;MENDOZA
2625;GENERAL ALVEAR;MENDOZA
2625;JAIME PRATS;MENDOZA
2625;REAL DEL PADRE;MENDOZA
2625;VILLA ATUEL NORTE;MENDOZA
2625;VILLA ATUEL;MENDOZA
2626;ARROYITO;MENDOZA
2626;DESAGUADERO;MENDOZA
2626;LA PAZ;MENDOZA
263;CAMPAMENTOS;MENDOZA
263;COSTA DE ARAUJO;MENDOZA
263;CHAPANAY;MENDOZA
263;EL CARMEN;MENDOZA
263;EL PLUMERO;MENDOZA
263;ISLA GRANDE;MENDOZA
263;JUNIN;MENDOZA
263;LA BAJADA;MENDOZA
263;LA DORMIDA;MENDOZA
263;LAS CATITAS;MENDOZA
263;MEDRANO;MENDOZA
263;MONTECASEROS;MENDOZA
263;PALMIRA;MENDOZA
263;PHILIPPS;MENDOZA
263;REDUCCION;MENDOZA
263;RIVADAVIA;MENDOZA
263;RODRIGUEZ PEÑA;MENDOZA
263;SAN JOSE DE TUPUNGATO;MENDOZA
263;SAN MARTIN;MENDOZA
263;SANTA ROSA;MENDOZA
263;TRES PORTEÑAS;MENDOZA
264;9 DE JULIO;SAN JUAN
264;ARROYO LOS TAPONES;SAN JUAN
264;BALDE DE LEYES SSPLD;SAN JUAN
264;BARRIO QUINTO CUARTEL;SAN JUAN
264;BARRIO RUTA 40 EL CERRILLO;SAN JUAN
264;BERMEJO;SAN JUAN
264;BOCA DEL TIGRE;SAN JUAN
264;CAÑADA HONDA;SAN JUAN
264;CARPINTERIA;SAN JUAN
264;CAUCETE;SAN JUAN
264;CIENAGUITA;SAN JUAN
264;DIVISADERO;SAN JUAN
264;DIVISORIA;SAN JUAN
264;ESTACION ALBARDON;SAN JUAN
264;ESTACION ANGACO NORTE;SAN JUAN
264;GUANACACHE;SAN JUAN
264;LA CHIMBERA;SAN JUAN
264;LAS CASUARINAS;SAN JUAN
264;LAS LAGUNAS;SAN JUAN
264;LOS BERROS;SAN JUAN
264;MARAYES;SAN JUAN
264;PEDERNAL;SAN JUAN
264;POCITO;SAN JUAN
264;POZO DE LOS ALGARROBOS;SAN JUAN
264;PUNTA DEL AGUA;SAN JUAN
264;PUNTA DEL MEDANO;SAN JUAN
264;PUNTA DEL MONTE;SAN JUAN
264;SAN JUAN;SAN JUAN
264;SAN MARTIN;SAN JUAN
264;TIERRITAS;SAN JUAN
264;VILLA BASILIO NIEVAS;SAN JUAN
264;VILLA CARIÑO;SAN JUAN
264;VILLA IBAÑEZ;SAN JUAN
264;VILLA MEDIA AGUA;SAN JUAN
264;VILLA SANTA ROSA;SAN JUAN
2646;ASTICA;SAN JUAN
2646;BALDE DEL ROSARIO;SAN JUAN
2646;CHUCUMA;SAN JUAN
2646;ISCHIGUALASTO;SAN JUAN
2646;LA MAJADITA;SAN JUAN
2646;SAN AGUSTIN DEL VALLE FERTIL;SAN JUAN
2646;USNO;SAN JUAN
2647;COLANGÜIL;SAN JUAN
2647;ENTRE RIOS;SAN JUAN
2647;GRAN CHINA;SAN JUAN
2647;HUACO;SAN JUAN
2647;HUERTA DE HUACHI;SAN JUAN
2647;IGLESIA;SAN JUAN
2647;JACHAL;SAN JUAN
2647;LA CIENAGA;SAN JUAN
2647;LAS FLORES;SAN JUAN
2647;MOGNA;SAN JUAN
2647;NIQUIVIL;SAN JUAN
2647;RODEO;SAN JUAN
2647;SAN ROQUE;SAN JUAN
2647;TAMBERIAS;SAN JUAN
2647;TUDCUM;SAN JUAN
2647;VILLA MERCEDES;SAN JUAN
2648;BARREAL;SAN JUAN
2648;CALINGASTA;SAN JUAN
2648;COLON;SAN JUAN
2648;HILARIO;SAN JUAN
2648;TAMBERIA;SAN JUAN
2651;CANDELARIA;SAN LUIS
2651;CAROLINA;SAN LUIS
2651;HIPOLITO YRIGOYEN;SAN LUIS
2651;LA BOTIJA;SAN LUIS
2651;LA CALERA;SAN LUIS
2651;LA CHAÑARIENTA;SAN LUIS
2651;LA MAJADA;SAN LUIS
2651;LUJAN;SAN LUIS
2651;PARQUE NACIONAL SIERRA DE LAS QUIJADAS;SAN LUIS
2651;POZO DEL TALA;SAN LUIS
2651;QUINES;SAN LUIS
2651;SAN FRANCISCO DEL MONTE DE ORO;SAN LUIS
2655;JUAN LLERENA;SAN LUIS
2655;LA PUNILLA;SAN LUIS
2655;LA TOMA;SAN LUIS
2655;PASO GRANDE;SAN LUIS
2655;SAN JOSE DEL MORRO;SAN LUIS
2656;CARPINTERIA;SAN LUIS
2656;CONCARAN;SAN LUIS
2656;CORTADERAS;SAN LUIS
2656;LAFINUR;SAN LUIS
2656;LOS MOLLES;SAN LUIS
2656;MERLO;SAN LUIS
2656;NASCHEL;SAN LUIS
2656;PAPAGALLOS;SAN LUIS
2656;PUNTA DEL AGUA;SAN LUIS
2656;SAN MARTIN;SAN LUIS
2656;SANTA ROSA DEL CONLARA;SAN LUIS
2656;TILISARAO;SAN LUIS
2656;VILLA DE PRAGA;SAN LUIS
2656;VILLA DEL CARMEN;SAN LUIS
2656;VILLA LARCA;SAN LUIS
2657;FRAGA;SAN LUIS
2657;JUAN JORBA;SAN LUIS
2657;JUSTO DARACT;SAN LUIS
2657;LAVAISSE;SAN LUIS
2657;MERCEDES;SAN LUIS
2657;RIO QUINTO;SAN LUIS
2657;VILLA SALLES;SAN LUIS
2658;ANCHORENA;SAN LUIS
2658;ARIZONA;SAN LUIS
2658;BAGUAL;SAN LUIS
2658;BATAVIA;SAN LUIS
2658;BUENA ESPERANZA;SAN LUIS
2658;FORTIN EL PATRIA;SAN LUIS
2658;FORTUNA;SAN LUIS
2658;LA MAROMA;SAN LUIS
2658;LA VERDE;SAN LUIS
2658;LOS OVEROS;SAN LUIS
2658;MARTIN DE LOYOLA;SAN LUIS
2658;NAHUEL MAPA;SAN LUIS
2658;NAVIA;SAN LUIS
2658;NUEVA GALIA;SAN LUIS
2658;UNION;SAN LUIS
266;BALDE;SAN LUIS
266;BEAZLEY;SAN LUIS
266;CAZADOR;SAN LUIS
266;EL DURAZNO;SAN LUIS
266;EL TRAPICHE;SAN LUIS
266;EL VOLCAN;SAN LUIS
266;POTRERO DE LOS FUNES;SAN LUIS
266;SALINAS DEL BEBEDERO;SAN LUIS
266;SAN LUIS;SAN LUIS
266;SAN ROQUE;SAN LUIS
266;VARELA;SAN LUIS
266;VILLA DE LA QUEBRADA;SAN LUIS
280;28 DE JULIO;CHUBUT
280;BLANCUNTRE;CHUBUT
280;CERRO CONDOR;CHUBUT
280;CHACAY OESTE;CHUBUT
280;DIQUE FLORENTINO AMEGHINO;CHUBUT
280;DOLAVON;CHUBUT
280;EL ESCORIAL;CHUBUT
280;EL MIRASOL;CHUBUT
280;GAIMAN;CHUBUT
280;GAN GAN;CHUBUT
280;GASTRE;CHUBUT
280;LAGUNITA SALADA;CHUBUT
280;LAS PLUMAS;CHUBUT
280;LOS ALTARES;CHUBUT
280;PASO DE INDIOS;CHUBUT
280;PLAYA UNION;CHUBUT
280;PUERTO MADRYN;CHUBUT
280;PUERTO PIRAMIDE;CHUBUT
280;RAWSON;CHUBUT
280;SEPAUCAL;CHUBUT
280;TELSEN;CHUBUT
280;TRELEW;CHUBUT
280;YALA LAUBAT;CHUBUT
2901;LAS COTORRAS;TIERRA DEL FUEGO
2901;TOLHUIN;TIERRA DEL FUEGO
2901;USHUAIA;TIERRA DEL FUEGO
2902;28 DE NOVIEMBRE;SANTA CRUZ
2902;CANCHA CARRERA;SANTA CRUZ
2902;EL CALAFATE;SANTA CRUZ
2902;ESPERANZA;SANTA CRUZ
2902;FUENTES DEL COYLE;SANTA CRUZ
2902;JULIA DUFAUR;SANTA CRUZ
2902;LAGO ROCA;SANTA CRUZ
2902;PUNTA BANDERA;SANTA CRUZ
2902;RIO TURBIO;SANTA CRUZ
2902;ROSPENTEK;SANTA CRUZ
2902;VENTISQUERO PERITO MORENO;SANTA CRUZ
2903;ALDEA BELEIRO;CHUBUT
2903;COIHAIQUE;CHUBUT
2903;DOCTOR RICARDO ROJAS;CHUBUT
2903;FACUNDO;CHUBUT
2903;LAGO BLANCO;CHUBUT
2903;LAGO FONTANA;CHUBUT
2903;PASO HUEMULES;CHUBUT
2903;PASTOS BLANCOS;CHUBUT
2903;RIO MAYO;CHUBUT
291;BAHIA BLANCA;BUENOS AIRES
291;CABILDO;BUENOS AIRES
291;CHASICO;BUENOS AIRES
291;MAYOR BURATOVICH;BUENOS AIRES
291;NUEVA ROMA;BUENOS AIRES
291;PARAJE SAUCE CHICO;BUENOS AIRES
291;SALDUNGARAY;BUENOS AIRES
291;SIERRA DE LA VENTANA;BUENOS AIRES
291;TENIENTE ORIGONE;BUENOS AIRES
291;TORNQUIST;BUENOS AIRES
291;VILLA VENTANA;BUENOS AIRES
2920;BAHIA SAN BLAS;RIO NEGRO
2920;BALNEARIO EL CONDOR;RIO NEGRO
2920;GUARDIA MITRE;RIO NEGRO
2920;SAN JAVIER;RIO NEGRO
2920;STROEDER;RIO NEGRO
2920;VIEDMA;RIO NEGRO
2921;BALNEARIO PEHUEN CO;BUENOS AIRES
2921;CORONEL DORREGO;BUENOS AIRES
2921;EL PERDIDO;BUENOS AIRES
2921;MONTE HERMOSO;BUENOS AIRES
2921;SAN ROMAN;BUENOS AIRES
2922;CORONEL PRINGLES;BUENOS AIRES
2923;ARROYO CORTO;BUENOS AIRES
2923;DUFAUR;BUENOS AIRES
2923;ESPARTILLAR;BUENOS AIRES
2923;GOYENA;BUENOS AIRES
2923;PIGÜE;BUENOS AIRES
2923;PUAN;BUENOS AIRES
2923;SAAVEDRA;BUENOS AIRES
2924;17 DE AGOSTO;BUENOS AIRES
2924;BORDENAVE;BUENOS AIRES
2924;DARREGUEIRA;BUENOS AIRES
2924;ESTEBAN AGUSTIN GASCON;BUENOS AIRES
2924;GUATRACHE;BUENOS AIRES
2924;SAN MIGUEL ARCANGEL;BUENOS AIRES
2924;SANTA TERESA;LA PAMPA
2925;BERNASCONI;BUENOS AIRES
2925;FELIPE SOLA;BUENOS AIRES
2925;GENERAL SAN MARTIN;BUENOS AIRES
2925;JACINTO ARAUZ;BUENOS AIRES
2925;SAN GERMAN;BUENOS AIRES
2925;VILLA IRIS;BUENOS AIRES
2926;CORONEL SUAREZ;BUENOS AIRES
2926;SANTA MARIA;BUENOS AIRES
2927;ALGARROBO;BUENOS AIRES
2927;ARGERICH;BUENOS AIRES
2927;MEDANOS;BUENOS AIRES
2928;HILARIO ASCASUBI;BUENOS AIRES
2928;JUAN A. PRADERE;BUENOS AIRES
2928;PEDRO LURO;BUENOS AIRES
2928;VILLALONGA;BUENOS AIRES
2929;BONIFACIO;BUENOS AIRES
2929;CASBAS;BUENOS AIRES
2929;GARRE;BUENOS AIRES
2929;GUAMINI;BUENOS AIRES
2931;GENERAL CONESA;RIO NEGRO
2931;RIO COLORADO;RIO NEGRO
2932;BAJO HONDO;BUENOS AIRES
2932;PUERTO BELGRANO;BUENOS AIRES
2932;PUNTA ALTA;BUENOS AIRES
2933;HUANGUELEN SUR;BUENOS AIRES
2934;ARROYO DE LA VENTANA;RIO NEGRO
2934;ARROYO LOS BERROS;RIO NEGRO
2934;BAJO DE SANTA ROSA;RIO NEGRO
2934;BALNEARIO LAS GRUTAS;RIO NEGRO
2934;CONA NIYEU;RIO NEGRO
2934;MINISTRO RAMOS MEXIA;RIO NEGRO
2934;PUERTO SAN ANTONIO ESTE;RIO NEGRO
2934;SAN ANTONIO OESTE;RIO NEGRO
2934;SIERRA GRANDE;RIO NEGRO
2934;SIERRA PAILEMAN;RIO NEGRO
2934;TRENETA;RIO NEGRO
2934;VALCHETA;RIO NEGRO
2934;YAMINUE;RIO NEGRO
2935;RIVERA;BUENOS AIRES
2935;VILLA MAZA;BUENOS AIRES
2936;CARHUE;BUENOS AIRES
2936;ERIZE;BUENOS AIRES
294;CONFLUENCIA;RIO NEGRO
294;EL BOLSON;RIO NEGRO
294;EL FOYEL;RIO NEGRO
294;EL HOYO;RIO NEGRO
294;EL MANSO;RIO NEGRO
294;LAGO ESPEJO;RIO NEGRO
294;LAGO PUELO;RIO NEGRO
294;LAS GOLONDRINAS;CHUBUT
294;ÑORQUINCO;RIO NEGRO
294;PILCANIYEU;RIO NEGRO
294;RIO CHICO;RIO NEGRO
294;RIO VILLEGAS;RIO NEGRO
294;SAN CARLOS DE BARILOCHE;RIO NEGRO
294;VILLA LA ANGOSTURA;RIO NEGRO
294;VILLA MASCARDI;RIO NEGRO
294;VILLA TRAFUL;RIO NEGRO
2940;COLAN CONHUE;RIO NEGRO
2940;COMALLO;RIO NEGRO
2940;COMICO;RIO NEGRO
2940;EL CAIN;RIO NEGRO
2940;INGENIERO JACOBACCI;RIO NEGRO
2940;LAGUNA BLANCA;RIO NEGRO
2940;LOS MENUCOS;RIO NEGRO
2940;MAMUEL CHOIQUE;RIO NEGRO
2940;MAQUINCHAO;RIO NEGRO
2940;MENCUE;RIO NEGRO
2940;OJOS DE AGUA;RIO NEGRO
2940;PILQUINIYEU DEL LIMAY;RIO NEGRO
2940;PRAHUANIYEU;RIO NEGRO
2940;SIERRA COLORADA;RIO NEGRO
2942;ALUMINE;NEUQUEN
2942;BAJADA DEL AGRIO;NEUQUEN
2942;COVUNCO ABAJO;NEUQUEN
2942;CHACAICO SUR;NEUQUEN
2942;LAS COLORADAS;NEUQUEN
2942;LAS LAJAS;NEUQUEN
2942;LOS ALAZANES;NEUQUEN
2942;MARIANO MORENO;NEUQUEN
2942;PASO AGUERRE;NEUQUEN
2942;PICUN LEUFU;NEUQUEN
2942;PIEDRA DEL AGUILA;NEUQUEN
2942;PUENTE PICUN LEUFU;NEUQUEN
2942;QUILI MALAL;NEUQUEN
2942;SANTO TOMAS;NEUQUEN
2942;VILLA PEHUENIA;NEUQUEN
2942;VILLA UNION;NEUQUEN
2942;ZAPALA;NEUQUEN
2945;ALDEA EPULEF;CHUBUT
2945;ALDEA ESCOLAR;CHUBUT
2945;ALTO RIO SENGUER;CHUBUT
2945;ARROYO RIO CHICO;CHUBUT
2945;BUEN PASTO;CHUBUT
2945;CARRENLEUFU;CHUBUT
2945;CERRO CENTINELA;CHUBUT
2945;COLAN CONHUE;CHUBUT
2945;CORCOVADO;CHUBUT
2945;COSTA DEL CHUBUT;CHUBUT
2945;CUSHAMEN;CHUBUT
2945;CHOLILA;CHUBUT
2945;EL MAITEN;CHUBUT
2945;EPUYEN;CHUBUT
2945;ESQUEL;CHUBUT
2945;FOFO CAHUEL;CHUBUT
2945;GOBERNADOR COSTA;CHUBUT
2945;GUALJAINA;CHUBUT
2945;JOSE DE SAN MARTIN;CHUBUT
2945;LAGO RIVADAVIA;CHUBUT
2945;LAGO ROSARIO;CHUBUT
2945;LAGO VINTTER;CHUBUT
2945;LAS PAMPAS;CHUBUT
2945;LOS CIPRESES;CHUBUT
2945;PASO DEL SAPO;CHUBUT
2945;PIEDRA PARADA;CHUBUT
2945;RANQUIHUAU;CHUBUT
2945;RIO PICO;CHUBUT
2945;TECKA;CHUBUT
2945;TREVELIN;CHUBUT
2945;VALLE EL CAJON;CHUBUT
2945;VILLA FUTALAUFQUEN;CHUBUT
2945;VILLA RURAL RIO BLANCO;CHUBUT
2946;CORONEL BELISLE;RIO NEGRO
2946;CHIMPAY;RIO NEGRO
2946;CHOELE CHOEL;RIO NEGRO
2946;DARWIN;RIO NEGRO
2946;FRAY LUIS BELTRAN;RIO NEGRO
2946;LAMARQUE;RIO NEGRO
2946;POMONA;RIO NEGRO
2948;AGUADA CHACAYCO;NEUQUEN
2948;ANDACOLLO;NEUQUEN
2948;BARRANCAS;NEUQUEN
2948;BUTA CO;NEUQUEN
2948;BUTA RANQUIL;NEUQUEN
2948;BUTALON NORTE;NEUQUEN
2948;CAEPE MALAL;NEUQUEN
2948;CAJON DE CURILEUVU;NEUQUEN
2948;CANCHA DE HUINGANCO;NEUQUEN
2948;CAVIAHUE;NEUQUEN
2948;CERRO WAILE;NEUQUEN
2948;COCHICO;NEUQUEN
2948;COLIPILLI;NEUQUEN
2948;CURA MALLIN;NEUQUEN
2948;CHAPUA;NEUQUEN
2948;CHORRIACA;NEUQUEN
2948;CHOS MALAL;NEUQUEN
2948;EL ALAMITO;NEUQUEN
2948;EL CHOLAR;NEUQUEN
2948;EL HUECU;NEUQUEN
2948;HUINGANCO;NEUQUEN
2948;LA SALADA;NEUQUEN
2948;LAS OVEJAS;NEUQUEN
2948;LONCOPUE;NEUQUEN
2948;LOS MENUCOS;NEUQUEN
2948;NAUNAUCO;NEUQUEN
2948;PARAJE HUARACO;NEUQUEN
2948;PICHAIHUE;NEUQUEN
2948;QUINTUCO;NEUQUEN
2948;RANQUILON;NEUQUEN
2948;TAQUIMILAN ABAJO;NEUQUEN
2948;TRES CHORROS;NEUQUEN
2948;TRICAO MALAL;NEUQUEN
2952;COLONIA SANTA MARIA;LA PAMPA
2952;CUCHILLO CO;LA PAMPA
2952;CHACHARRAMENDI;LA PAMPA
2952;GENERAL ACHA;LA PAMPA
2952;PUELCHES;LA PAMPA
2952;QUEHUE;LA PAMPA
2953;ALPACHIRI;LA PAMPA
2953;DOBLAS;LA PAMPA
2953;GENERAL CAMPOS;LA PAMPA
2953;MACACHIN;LA PAMPA
2953;MIGUEL RIGLOS;LA PAMPA
2953;ROLON;LA PAMPA
2953;TOMAS M. DE ANCHORENA;LA PAMPA
2954;ANGUIL;LA PAMPA
2954;ATALIVA ROCA;LA PAMPA
2954;CACHIRULO;LA PAMPA
2954;CATRILO;LA PAMPA
2954;LONQUIMAY;LA PAMPA
2954;PARQUE LURO;LA PAMPA
2954;SANTA ROSA;LA PAMPA
2954;TOAY;LA PAMPA
2954;URIBURU;LA PAMPA
2962;COMANDANTE LUIS PIEDRA BUENA;SANTA CRUZ
2962;EL CHALTEN;SANTA CRUZ
2962;GOBERNADOR GREGORES;SANTA CRUZ
2962;HOTEL LAS HORQUETAS;SANTA CRUZ
2962;LA CABAÑA;SANTA CRUZ
2962;LAGO DEL DESIERTO;SANTA CRUZ
2962;PUERTO SANTA CRUZ;SANTA CRUZ
2962;SAN JULIAN;SANTA CRUZ
2962;TRES LAGOS;SANTA CRUZ
2963;BAJO CARACOLES;SANTA CRUZ
2963;FUNDACION PROCORDE NAMUNCURA;SANTA CRUZ
2963;HIPOLITO YRIGOYEN;SANTA CRUZ
2963;LOS ANTIGUOS;SANTA CRUZ
2963;PASO ROBALLOS;SANTA CRUZ
2963;PERITO MORENO;SANTA CRUZ
2964;RIO GRANDE;TIERRA DEL FUEGO
2966;BELLA VISTA;SANTA CRUZ
2966;LE MARCHAND;SANTA CRUZ
2966;MONTE AYMOND;SANTA CRUZ
2966;RIO GALLEGOS;SANTA CRUZ
2966;YACIMIENTO PETROLIFERO DRESSER RAND ARG.;SANTA CRUZ
297;ASTRA;CHUBUT
297;BAHIA BUSTAMANTE;CHUBUT
297;CALETA OLIVIA;CHUBUT
297;CAMARONES;CHUBUT
297;COMODORO RIVADAVIA;CHUBUT
297;DIADEMA;CHUBUT
297;JARAMILLO;CHUBUT
297;LAS HERAS;CHUBUT
297;PICO TRUNCADO;CHUBUT
297;PUERTO DESEADO;CHUBUT
297;SARMIENTO;CHUBUT
297;TELLIER;CHUBUT
2972;JUNIN DE LOS ANDES;NEUQUEN
2972;LAGO HUECHULAFQUEN;NEUQUEN
2972;LAGO MELIQUINA;NEUQUEN
2972;NAHUEL MAPI;NEUQUEN
2972;PASO YUCON;NEUQUEN
2972;PILOLIL;NEUQUEN
2972;SAN MARTIN DE LOS ANDES;NEUQUEN
298;AGUADA GUZMAN;RIO NEGRO
298;ALLEN;RIO NEGRO
298;BARRIO CHACRAMONTE;RIO NEGRO
298;BARRIO MARIO MOSCONI;RIO NEGRO
298;BARRIO PUENTE CERO;RIO NEGRO
298;CASA DE PIEDRA;RIO NEGRO
298;CERRO POLICIA;RIO NEGRO
298;CERVANTES;RIO NEGRO
298;CHICHINALES;RIO NEGRO
298;EL CUY;RIO NEGRO
298;GENERAL ROCA;RIO NEGRO
298;INGENIERO HUERGO;RIO NEGRO
298;VALLE AZUL;RIO NEGRO
298;VILLA REGINA;RIO NEGRO
298;GOBERNADOR DUVAL;LA PAMPA
2982;CLAROMECO;BUENOS AIRES
2982;ORENSE;BUENOS AIRES
2982;SAN FRANCISCO DE BELLOCQ;BUENOS AIRES
2983;ADOLFO GONZALEZ CHAVES;BUENOS AIRES
2983;APARICIO;BUENOS AIRES
2983;COPETONAS;BUENOS AIRES
2983;DE LA GARMA;BUENOS AIRES
2983;INDIO RICO;BUENOS AIRES
2983;JUAN E.BARRA;BUENOS AIRES
2983;MICAELA CASCALLARES;BUENOS AIRES
2983;ORIENTE;BUENOS AIRES
2983;RETA;BUENOS AIRES
2983;SAN CAYETANO;BUENOS AIRES
2983;TRES ARROYOS;BUENOS AIRES
2983;VAZQUEZ;BUENOS AIRES
299;AÑELO;NEUQUEN
299;ARROYITO DEL CHOCON;NEUQUEN
299;BARDA DEL MEDIO;NEUQUEN
299;BARRIO EX ISLA 10;NEUQUEN
299;CATRIEL;NEUQUEN
299;CENTENARIO;NEUQUEN
299;CINCO SALTOS;NEUQUEN
299;COLONIA 25 DE MAYO;NEUQUEN
299;COLONIA CHICA;NEUQUEN
299;COLONIA EL SAUZAL;NEUQUEN
299;CONTRALMIRANTE CORDERO;NEUQUEN
299;CUTRAL CO;NEUQUEN
299;GENERAL FERNANDEZ ORO;NEUQUEN
299;LAS PERLAS;NEUQUEN
299;NEUQUEN;NEUQUEN
299;PLOTTIER;NEUQUEN
299;RINCON DE LOS SAUCES;NEUQUEN
299;SAN PATRICIO DEL CHAÑAR;NEUQUEN
299;SAUZAL BONITO;NEUQUEN
299;SENILLOSA;NEUQUEN
299;VILLA MANZANO;NEUQUEN
299;VILLA EL CHOCON;NEUQUEN
3327;BENAVIDEZ;BUENOS AIRES
3327;LOPEZ CAMELO;BUENOS AIRES
3329;ALSINA;BUENOS AIRES
3329;BARADERO;BUENOS AIRES
3329;GOBERNADOR CASTRO;BUENOS AIRES
3329;IRENEO PORTELA;BUENOS AIRES
3329;LA VIOLETA;BUENOS AIRES
3329;PEREZ MILLAN;BUENOS AIRES
3329;RIO TALA;BUENOS AIRES
3329;SAN PEDRO;BUENOS AIRES
3329;SANTA LUCIA;BUENOS AIRES
336;CAMPOS SALLES;BUENOS AIRES
336;CONESA;BUENOS AIRES
336;GENERAL ROJO;BUENOS AIRES
336;SAN NICOLAS;BUENOS AIRES
3382;AARON CASTELLANOS;SANTA FE
3382;AMENABAR;SANTA FE
3382;CAÑADA SECA;BUENOS AIRES
3382;DIEGO DE ALVEAR;SANTA FE
3382;RUFINO;SANTA FE
3382;SAN GREGORIO;SANTA FE
3382;SANTA REGINA;SANTA FE
3382;VILLA SABOYA;SANTA FE
3382;LA CESIRA;CORDOBA
3385;GENERAL LEVALLE;CORDOBA
3385;GUARDIA VIEJA;CORDOBA
3385;JOVITA;CORDOBA
3385;LABOULAYE;CORDOBA
3385;MELO;CORDOBA
3385;RIOBAMBA;CORDOBA
3385;ROSALES;CORDOBA
3385;SAN JOAQUIN;CORDOBA
3385;SERRANO;CORDOBA
3385;VILLA ROSSI;CORDOBA
3387;BOUCHARD;CORDOBA
3387;ITALO;CORDOBA
3387;ONAGOITY;CORDOBA
3388;AMEGHINO;BUENOS AIRES
3388;BANDERALO;BUENOS AIRES
3388;BLAQUIER;BUENOS AIRES
3388;CORONEL CHARLONE;BUENOS AIRES
3388;DRABLE;BUENOS AIRES
3388;EL DIA;BUENOS AIRES
3388;ELORDI;BUENOS AIRES
3388;EMILIO BUNGE;BUENOS AIRES
3388;GENERAL VILLEGAS;BUENOS AIRES
3388;PIEDRITAS;BUENOS AIRES
3388;SANTA ELEODORA;BUENOS AIRES
3388;TRES ALGARROBOS;BUENOS AIRES
3388;VILLA SAUZE;BUENOS AIRES
3400;EMPALME VILLA CONSTITUCION;SANTA FE
3400;PAVON;SANTA FE
3400;RUEDA;SANTA FE
3400;THEOBALD;SANTA FE
3400;VILLA CONSTITUCION;SANTA FE
3401;CAMPO CASTRO;SANTA FE
3401;CAÑADA ROSQUIN;SANTA FE
3401;CARLOS PELLEGRINI;SANTA FE
3401;CASAS;SANTA FE
3401;CENTENO;SANTA FE
3401;EL TREBOL;SANTA FE
3401;LAS BANDURRIAS;SANTA FE
3401;LOS CARDOS;SANTA FE
3401;MARIA SUSANA;SANTA FE
3401;PIAMONTE;SANTA FE
3401;SAN GENARO;SANTA FE
3401;SAN GENARO NORTE;SANTA FE
3402;ALBARELLOS;SANTA FE
3402;ALVAREZ;SANTA FE
3402;ARROYO SECO;SANTA FE
3402;CORONEL BOGADO;SANTA FE
3402;CORONEL DOMINGUEZ;SANTA FE
3402;FIGHIERA;SANTA FE
3402;GENERAL LAGOS;SANTA FE
3402;PUEBLO ESTHER;SANTA FE
3402;VILLA AMELIA;SANTA FE
3404;CAMPO PIAGGIO;SANTA FE
3404;COLONIA BELGRANO;SANTA FE
3404;GALVEZ;SANTA FE
3404;GESSLER;SANTA FE
3404;LARRECHEA;SANTA FE
3404;LOMA ALTA;SANTA FE
3404;LOPEZ;SANTA FE
3404;PILAR;SANTA FE
3404;SA PEREYRA;SANTA FE
3404;SAN CARLOS CENTRO;SANTA FE
3404;SAN CARLOS NORTE;SANTA FE
3404;SAN EUGENIO;SANTA FE
3404;SAN JERONIMO DEL SAUCE;SANTA FE
3404;SAN JERONIMO NORTE;SANTA FE
3404;SAN MARIANO;SANTA FE
3404;SANTA CLARA DE BUENA VISTA;SANTA FE
3404;SANTA MARIA CENTRO;SANTA FE
3404;SANTA MARIA NORTE;SANTA FE
3405;ALEJANDRA;SANTA FE
3405;CACIQUE ARIACAIQUIN;SANTA FE
3405;CAYASTA;SANTA FE
3405;HELVECIA;SANTA FE
3405;LA BRAVA;SANTA FE
3405;SALADERO M CABAL;SANTA FE
3405;SAN JAVIER;SANTA FE
3406;CASTELAR;SANTA FE
3406;CRISPI;SANTA FE
3406;GARIBALDI;SANTA FE
3406;LANDETA;SANTA FE
3406;LAS PETACAS;SANTA FE
3406;MARIA JUANA;SANTA FE
3406;SAN JORGE;SANTA FE
3406;SAN MARTIN DE LAS ESCOBAS;SANTA FE
3406;SASTRE;SANTA FE
3406;TRAILL;SANTA FE
3407;EL PARAISO;BUENOS AIRES
3407;RAMALLO;BUENOS AIRES
3407;VILLA RAMALLO;BUENOS AIRES
3408;AGUARA GRANDE;SANTA FE
3408;COLONIA PORTUGALETE;SANTA FE
3408;LA CABRAL;SANTA FE
3408;LA LUCILA;SANTA FE
3408;LAS AVISPAS;SANTA FE
3408;ÑANDUCITA;SANTA FE
3408;SAN CRISTOBAL;SANTA FE
3409;COLONIA BOSSI;SANTA FE
3409;COLONIA CLARA;SANTA FE
3409;CONSTANZA;SANTA FE
3409;LAS PALMERAS;SANTA FE
3409;MOISES VILLE;SANTA FE
3409;MONIGOTES;SANTA FE
3409;PALACIOS;SANTA FE
341;CAPITAN BERMUDEZ;SANTA FE
341;CARCARAÑA;SANTA FE
341;CORONEL ARNOLD;SANTA FE
341;FUNES;SANTA FE
341;IBARLUCEA;SANTA FE
341;PEREZ;SANTA FE
341;ROLDAN;SANTA FE
341;ROSARIO;SANTA FE
341;SAN JERONIMO SUR;SANTA FE
341;SOLDINI;SANTA FE
341;VILLA GOBERNADOR GALVEZ;SANTA FE
341;ZAVALLA;SANTA FE
342;AERODROMO SAUCE VIEJO;SANTA FE
342;ARROYO AGUIAR;SANTA FE
342;COLASTINE;SANTA FE
342;COLONIA LOS ZAPALLOS;SANTA FE
342;COLONIA SAN JOSE;SANTA FE
342;CORONDA;SANTA FE
342;DESVIO ARIJON;SANTA FE
342;EMPALME SAN CARLOS;SANTA FE
342;FRANCK;SANTA FE
342;GOBERNADOR CANDIOTI;SANTA FE
342;LAGUNA PAIVA;SANTA FE
342;LAS TUNAS;SANTA FE
342;MANUCHO;SANTA FE
342;MATILDE;SANTA FE
342;MONTE VERA;SANTA FE
342;NELSON;SANTA FE
342;RECREO;SANTA FE
342;SAN AGUSTIN;SANTA FE
342;SAN JOSE DEL RINCON;SANTA FE
342;SANTA FE;SANTA FE
342;SANTA ROSA;SANTA FE
342;SAUCE VIEJO;SANTA FE
343;ALDEA BRASILERA;ENTRE RIOS
343;ALDEA EIGENFELD;ENTRE RIOS
343;ALDEA MARIA LUISA;ENTRE RIOS
343;ALDEA PROTESTANTE;ENTRE RIOS
343;ALDEA SALTO;ENTRE RIOS
343;ALDEA SAN RAFAEL;ENTRE RIOS
343;ALDEA SANTA MARIA;ENTRE RIOS
343;ALDEA SPATZENKUTTER;ENTRE RIOS
343;ALDEA VALLE MARIA;ENTRE RIOS
343;CAMPS;ENTRE RIOS
343;CERRITO;ENTRE RIOS
343;COLONIA ALVEAR;ENTRE RIOS
343;COLONIA ENSAYO;ENTRE RIOS
343;COLONIA NUEVA;ENTRE RIOS
343;CRESPO;ENTRE RIOS
343;CURTIEMBRE;ENTRE RIOS
343;DIAMANTE;ENTRE RIOS
343;DOLL;ENTRE RIOS
343;EL PALENQUE;ENTRE RIOS
343;EL PINGO;ENTRE RIOS
343;GENERAL RACEDO;ENTRE RIOS
343;GENERAL RAMIREZ;ENTRE RIOS
343;HASENKAMP;ENTRE RIOS
343;LA LOMA;ENTRE RIOS
343;LA PICADA;ENTRE RIOS
343;MARIA GRANDE;ENTRE RIOS
343;MARIA GRANDE SEGUNDA SUR;ENTRE RIOS
343;ORO VERDE;ENTRE RIOS
343;PARANA;ENTRE RIOS
343;PUEBLO BRUGO;ENTRE RIOS
343;PUEBLO SAN MARTIN;ENTRE RIOS
343;PUIGGARI;ENTRE RIOS
343;SAN BENITO;ENTRE RIOS
343;SAUCE PINTO;ENTRE RIOS
343;SEGUI;ENTRE RIOS
343;SOSA;ENTRE RIOS
343;TEZANOS PINTO;ENTRE RIOS
343;VIALE;ENTRE RIOS
343;VILLA FONTANA;ENTRE RIOS
343;VILLA GOBERNADOR ETCHEVERE;ENTRE RIOS
343;VILLA HERNANDARIAS;ENTRE RIOS
343;VILLA LIBERTADOR GENERAL SAN MARTIN;ENTRE RIOS
343;VILLA TABOSSI;ENTRE RIOS
343;VILLA URQUIZA;ENTRE RIOS
3435;20 DE SETIEMBRE;ENTRE RIOS
3435;CRUCESITAS TERCERA;ENTRE RIOS
3435;DON CRISTOBAL 2DO;ENTRE RIOS
3435;DON CRISTOBAL PRIMERO;ENTRE RIOS
3435;EST. GOBERNADOR FEBRE;ENTRE RIOS
3435;HERNANDEZ;ENTRE RIOS
3435;LUCAS GONZALEZ;ENTRE RIOS
3435;NOGOYA;ENTRE RIOS
3436;ARANGUREN;ENTRE RIOS
3436;LAS CUEVAS;ENTRE RIOS
3436;MOLINO DOLL;ENTRE RIOS
3436;PAJONAL;ENTRE RIOS
3436;PUEBLITO;ENTRE RIOS
3436;RINCON;ENTRE RIOS
3436;VICTORIA;ENTRE RIOS
3437;CENTENARIO;ENTRE RIOS
3437;EL CARMEN;ENTRE RIOS
3437;EL QUEBRACHO;ENTRE RIOS
3437;LA PAZ;ENTRE RIOS
3437;PASO MEDINA;ENTRE RIOS
3437;PASO POTRILLO;ENTRE RIOS
3437;PUERTO ALGARROBO;ENTRE RIOS
3437;SAN GUSTAVO;ENTRE RIOS
3437;SANTA ELENA;ENTRE RIOS
3438;ALCARAZ;ENTRE RIOS
3438;ALCARAZ SEGUNDO;ENTRE RIOS
3438;BOVRIL;ENTRE RIOS
3438;COLONIA AVIGDOR;ENTRE RIOS
3438;PIEDRAS BLANCAS;ENTRE RIOS
3438;PUEBLO BELLOCQ;ENTRE RIOS
3438;SAUCE DE LUNA;ENTRE RIOS
3442;CASEROS;ENTRE RIOS
3442;COLONIA ELIA;ENTRE RIOS
3442;CONCEPCION DEL URUGUAY;ENTRE RIOS
3442;HERRERA;ENTRE RIOS
3442;PRONUNCIAMIENTO;ENTRE RIOS
3442;SAN CIPRIANO;ENTRE RIOS
3442;SAN JUSTO;ENTRE RIOS
3444;CUCHILLA;ENTRE RIOS
3444;ENRIQUE CARBO;ENTRE RIOS
3444;GENERAL GALARZA;ENTRE RIOS
3444;GUALEGUAY;ENTRE RIOS
3444;LAZO;ENTRE RIOS
3444;MARIA ELINA;ENTRE RIOS
3444;MEDANOS;ENTRE RIOS
3444;PUERTO RUIZ;ENTRE RIOS
3444;TRES BOCAS;ENTRE RIOS
3445;ALTAMIRANO;ENTRE RIOS
3445;BASAVILBASO;ENTRE RIOS
3445;ESTACION ECHAGUE;ENTRE RIOS
3445;GUARDAMONTE;ENTRE RIOS
3445;LIBAROS;ENTRE RIOS
3445;MACIA;ENTRE RIOS
3445;MANSILLA;ENTRE RIOS
3445;ROCAMORA;ENTRE RIOS
3445;ROSARIO DEL TALA;ENTRE RIOS
3445;SANTA ANITA;ENTRE RIOS
3445;SOLA;ENTRE RIOS
3445;VILLA MANTERO;ENTRE RIOS
3445;VILLA SAN MARCIAL;ENTRE RIOS
3446;ALDEA SAN ANTONIO;ENTRE RIOS
3446;ALMADA;ENTRE RIOS
3446;BENJAMIN LAMBERT;ENTRE RIOS
3446;CEIBAS;ENTRE RIOS
3446;GILBERT;ENTRE RIOS
3446;GUALEGUAYCHU;ENTRE RIOS
3446;IRAZUSTA;ENTRE RIOS
3446;LARROQUE;ENTRE RIOS
3446;PALAVECINO;ENTRE RIOS
3446;PARERA;ENTRE RIOS
3446;PASTOR BRITOS;ENTRE RIOS
3446;PEHUAJO SUR;ENTRE RIOS
3446;PERDICES;ENTRE RIOS
3446;PUEBLO BELGRANO;ENTRE RIOS
3446;PUEBLO IBICUY;ENTRE RIOS
3446;URDINARRAIN;ENTRE RIOS
3446;VILLA PARANACITO;ENTRE RIOS
3446;VIVERO;ENTRE RIOS
3447;1 DE MAYO;ENTRE RIOS
3447;ARROYO BARU;ENTRE RIOS
3447;COLON;ENTRE RIOS
3447;EL BRILLANTE;ENTRE RIOS
3447;LA CLARITA;ENTRE RIOS
3447;LIEBIG;ENTRE RIOS
3447;SAN JOSE;ENTRE RIOS
3447;VILLA ELISA;ENTRE RIOS
345;CALABACILLAS;ENTRE RIOS
345;COLONIA AYUI;ENTRE RIOS
345;CONCORDIA;ENTRE RIOS
345;ESTANCIA GRANDE;ENTRE RIOS
345;GENERAL CAMPOS;ENTRE RIOS
345;HUMAITA;ENTRE RIOS
345;LA CRIOLLA;ENTRE RIOS
345;LOS CHARRUAS;ENTRE RIOS
345;NUEVA ESCOCIA;ENTRE RIOS
345;OSVALDO MAGNASCO;ENTRE RIOS
345;PEDERNAL;ENTRE RIOS
345;PUERTO YERUA;ENTRE RIOS
345;SAN SALVADOR;ENTRE RIOS
345;UBAJAY;ENTRE RIOS
345;VILLA ZORRAQUIN;ENTRE RIOS
345;YERUA;ENTRE RIOS
345;YUQUERI;ENTRE RIOS
3454;CONSCRIPTO BERNARDI;ENTRE RIOS
3454;EL CIMARRON;ENTRE RIOS
3454;FEDERAL;ENTRE RIOS
3454;NUEVA VIZCAYA;ENTRE RIOS
3454;SANTA MARIA;ENTRE RIOS
3455;CLARA;ENTRE RIOS
3455;DOMINGUEZ;ENTRE RIOS
3455;DURAZNO;ENTRE RIOS
3455;INGENIERO MIGUEL SAJAROFF;ENTRE RIOS
3455;JUBILEO;ENTRE RIOS
3455;LAS MOSCAS;ENTRE RIOS
3455;MOJONES SUR;ENTRE RIOS
3455;PIÑEYRO;ENTRE RIOS
3455;RAICES;ENTRE RIOS
3455;VILLAGUAY;ENTRE RIOS
3456;COLONIA LA ARGENTINA;ENTRE RIOS
3456;CHAJARI;ENTRE RIOS
3456;FEDERACION;ENTRE RIOS
3456;SANTA ANA;ENTRE RIOS
3456;VILLA DEL ROSARIO;ENTRE RIOS
3458;LOS CONQUISTADORES;ENTRE RIOS
3458;SAN JAIME DE LA FRONTERA;ENTRE RIOS
3458;SAN JOSE DE FELICIANO;ENTRE RIOS
3458;SAN VICTOR;ENTRE RIOS
3460;CAÑADA RICA;SANTA FE
3460;GODOY;SANTA FE
3460;JUAN BERNABE MOLINA;SANTA FE
3460;LA VANGUARDIA;SANTA FE
3460;MAXIMO PAZ;SANTA FE
3460;PEYRANO;SANTA FE
3460;SANTA TERESA;SANTA FE
3460;SARGENTO CABRAL;SANTA FE
3462;CARMEN;SANTA FE
3462;CHAPUY;SANTA FE
3462;CHRISTOPHERSEN;SANTA FE
3462;ELORTONDO;SANTA FE
3462;LA CHISPA;SANTA FE
3462;MAGGIOLO;SANTA FE
3462;MARIA TERESA;SANTA FE
3462;MURPHY;SANTA FE
3462;SAN EDUARDO;SANTA FE
3462;SAN FRANCISCO DE SANTE FE;SANTA FE
3462;SANCTI SPIRITU;SANTA FE
3462;SANTA ISABEL;SANTA FE
3462;TEODELINA;SANTA FE
3462;VENADO TUERTO;SANTA FE
3462;VILLA CAÑAS;SANTA FE
3463;BENJAMIN GOULD;CORDOBA
3463;CANALS;CORDOBA
3463;COLONIA BREMEN;CORDOBA
3463;COLONIA SANTA MARIA;CORDOBA
3463;GENERAL VIAMONTE;CORDOBA
3463;PUEBLO ITALIANO;CORDOBA
3464;AREQUITO;SANTA FE
3464;BIGAND;SANTA FE
3464;CASILDA;SANTA FE
3464;CHABAS;SANTA FE
3464;FUENTES;SANTA FE
3464;LOS MOLINOS;SANTA FE
3464;PUJATO;SANTA FE
3464;SANFORD;SANTA FE
3464;VILLA MUGUETA;SANTA FE
3465;ALCORTA;SANTA FE
3465;BERABEVU;SANTA FE
3465;BOMBAL;SANTA FE
3465;CAÑADA DEL UCLE;SANTA FE
3465;CARRERAS;SANTA FE
3465;CHOVET;SANTA FE
3465;FIRMAT;SANTA FE
3465;GODEKEN;SANTA FE
3465;LABORDEBOY;SANTA FE
3465;LOS QUIRQUINCHOS;SANTA FE
3465;MELINCUE;SANTA FE
3465;VILLA DIVISA DE MAYO;SANTA FE
3465;VILLADA;SANTA FE
3466;AROCENA;SANTA FE
3466;BARRANCAS;SANTA FE
3466;CASALEGNO;SANTA FE
3466;DIAZ;SANTA FE
3466;ESTACION BERNARDO IRIGOYEN;SANTA FE
3466;MONJE;SANTA FE
3466;SAN FABIAN;SANTA FE
3467;ARTEAGA;CORDOBA
3467;COLONIA VEINTICINCO;CORDOBA
3467;CRUZ ALTA;CORDOBA
3467;INRIVILLE;CORDOBA
3467;LOS NOGALES;SANTA FE
3467;LOS SURGENTES;CORDOBA
3467;MONTE BUEY;CORDOBA
3467;SALADILLO;CORDOBA
3467;SAN JOSE DE LA ESQUINA;CORDOBA
3468;ALEJO LEDESMA;CORDOBA
3468;ARIAS;CORDOBA
3468;CAFFERATA;CORDOBA
3468;CAMILO ALDAO;CORDOBA
3468;CAVANAGH;CORDOBA
3468;COLONIA BARGE;CORDOBA
3468;COLONIA BISMARCK;CORDOBA
3468;CORRAL DE BUSTOS;CORDOBA
3468;CHAÑAR LADEADO;CORDOBA
3468;GENERAL B. OHIGGINS;CORDOBA
3468;GENERAL BALDISSERA;CORDOBA
3468;GUATIMOZIN;CORDOBA
3468;ISLA VERDE;CORDOBA
3468;MONTE MAIZ;CORDOBA
3468;WENCESLAO ESCALANTE;CORDOBA
3469;ACEBAL;SANTA FE
3469;ARMINDA;SANTA FE
3469;PAVON ARRIBA;SANTA FE
3469;PUEBLO MUÑOZ;SANTA FE
3469;URANGA;SANTA FE
3471;ARMSTRONG;SANTA FE
3471;BOUQUET;SANTA FE
3471;BUSTINZA;SANTA FE
3471;CAÑADA DE GOMEZ;SANTA FE
3471;CLASON;SANTA FE
3471;CORREA;SANTA FE
3471;LAS PAREJAS;SANTA FE
3471;LAS ROSAS;SANTA FE
3471;MONTES DE OCA;SANTA FE
3471;TORTUGAS;SANTA FE
3471;VILLA ELOISA;SANTA FE
3472;COLONIA FLORA;CORDOBA
3472;GENERAL ROCA;CORDOBA
3472;LEONES;CORDOBA
3472;MARCOS JUAREZ;CORDOBA
3472;NOETINGER;CORDOBA
3472;SAIRA;CORDOBA
3472;VILLA ELISA;CORDOBA
3476;ALDAO;SANTA FE
3476;CLARKE;SANTA FE
3476;LUCIO VICENTE LOPEZ;SANTA FE
3476;LUIS PALACIOS;SANTA FE
3476;MACIEL;SANTA FE
3476;OLIVEROS;SANTA FE
3476;PUEBLO ANDINO;SANTA FE
3476;PUERTO GABOTO;SANTA FE
3476;RICARDONE;SANTA FE
3476;SALTO GRANDE;SANTA FE
3476;SAN LORENZO;SANTA FE
3476;SERODINO;SANTA FE
3476;TIMBUES;SANTA FE
3476;TOTORAS;SANTA FE
3476;VILLA LA RIBERA;SANTA FE
348;DIQUE LUJAN;BUENOS AIRES
348;ESCOBAR;BUENOS AIRES
348;GARIN;BUENOS AIRES
348;INGENIERO MASCHWITZ;BUENOS AIRES
348;ISLA MARTIN GARCIA;BUENOS AIRES
348;MAQUINISTA SAVIO;BUENOS AIRES
348;MATHEU;BUENOS AIRES
348;ZELAYA;BUENOS AIRES
3482;ARROYO CEIBAL;SANTA FE
3482;BERNA;SANTA FE
3482;CAMPO HARDY;SANTA FE
3482;CAÑADA OMBU;SANTA FE
3482;EL ARAZA;SANTA FE
3482;EL RABON;SANTA FE
3482;EL SOMBRERITO;SANTA FE
3482;FLOR DE ORO;SANTA FE
3482;FLORENCIA;SANTA FE
3482;GARABATO;SANTA FE
3482;GUADALUPE NORTE;SANTA FE
3482;INGENIERO CHANOURDIE;SANTA FE
3482;INTIYACO;SANTA FE
3482;LA SARITA;SANTA FE
3482;LANTERI;SANTA FE
3482;LAS GARZAS;SANTA FE
3482;LAS TOSCAS;SANTA FE
3482;LOS AMORES;SANTA FE
3482;LOS LAURELES;SANTA FE
3482;MALABRIGO;SANTA FE
3482;MOUSSY;SANTA FE
3482;NICANOR E. MOLINAS;SANTA FE
3482;PUERTO RECONQUISTA;SANTA FE
3482;RECONQUISTA;SANTA FE
3482;ROMANG;SANTA FE
3482;SAN ANTONIO DE OBLIGADO;SANTA FE
3482;SAN MANUEL;SANTA FE
3482;TARTAGAL;SANTA FE
3482;VILLA ANA;SANTA FE
3482;VILLA GUILLERMINA;SANTA FE
3482;VILLA OCAMPO;SANTA FE
3483;CALCHAQUI;SANTA FE
3483;ESPIN;SANTA FE
3483;FORTIN OLMOS;SANTA FE
3483;LA GALLARETA;SANTA FE
3483;MARGARITA;SANTA FE
3483;PEDRO GOMEZ CELLO;SANTA FE
3483;VERA;SANTA FE
3487;LIMA;BUENOS AIRES
3487;ZARATE;BUENOS AIRES
3489;CAMPANA;BUENOS AIRES
3489;ING. ROMULO OTAMENDI;BUENOS AIRES
3491;AMBROSETTI;SANTA FE
3491;ARRUFO;SANTA FE
3491;CERES;SANTA FE
3491;ESTEBAN RAMS;SANTA FE
3491;GATO COLORADO;SANTA FE
3491;GREGORIA PEREZ DE DENIS;SANTA FE
3491;HERSILIA;SANTA FE
3491;LA RUBIA;SANTA FE
3491;LOGROÑO;SANTA FE
3491;LOS SALADILLOS;SANTA FE
3491;MONTEFIORE;SANTA FE
3491;POZO BORRADO;SANTA FE
3491;SAN BERNARDO;SANTA FE
3491;SANTA MARGARITA;SANTA FE
3491;TOSTADO;SANTA FE
3491;VILLA MINETTI;SANTA FE
3491;VILLA TRINIDAD;SANTA FE
3492;ANGELICA;SANTA FE
3492;AURELIA SUR;SANTA FE
3492;BAUER Y SIGEL;SANTA FE
3492;BELLA ITALIA;SANTA FE
3492;CASTELLANOS;SANTA FE
3492;CLUCELLAS;SANTA FE
3492;COLONIA CELLO;SANTA FE
3492;COLONIA MARGARITA;SANTA FE
3492;CORONEL FRAGA;SANTA FE
3492;EGUSQUIZA;SANTA FE
3492;ESMERALDA;SANTA FE
3492;ESTACION CLUCELLAS;SANTA FE
3492;JOSEFINA;SANTA FE
3492;LEHMANN;SANTA FE
3492;PRESIDENTE ROCA;SANTA FE
3492;RAFAELA;SANTA FE
3492;RAMONA;SANTA FE
3492;SAGUIER;SANTA FE
3492;SAN VICENTE;SANTA FE
3492;SANTA CLARA DE SAGUIER;SANTA FE
3492;SUSANA;SANTA FE
3492;VILA;SANTA FE
3492;VILLA SAN JOSE;SANTA FE
3493;ATALIVA;SANTA FE
3493;COLONIA ALDAO;SANTA FE
3493;COLONIA BICHA;SANTA FE
3493;COLONIA TACURALES;SANTA FE
3493;EUSEBIA;SANTA FE
3493;GALISTEO;SANTA FE
3493;HUMBERTO PRIMO;SANTA FE
3493;RAQUEL;SANTA FE
3493;SUNCHALES;SANTA FE
3493;TACURAL;SANTA FE
3496;CAVOUR;SANTA FE
3496;COLONIA PUJOL;SANTA FE
3496;ESPERANZA;SANTA FE
3496;FELICIA;SANTA FE
3496;GRUTLY SUR;SANTA FE
3496;HUMBOLDT;SANTA FE
3496;NUEVO TORINO;SANTA FE
3496;RIVADAVIA;SANTA FE
3497;CAMPO ANDINO;SANTA FE
3497;CAYASTACITO;SANTA FE
3497;COLONIA ESTHER;SANTA FE
3497;CULULU;SANTA FE
3497;EMILIA;SANTA FE
3497;LA PELADA;SANTA FE
3497;LLAMBI CAMPBELL;SANTA FE
3497;MARIA LUISA;SANTA FE
3497;PROGRESO;SANTA FE
3497;PROVIDENCIA;SANTA FE
3497;SANTO DOMINGO;SANTA FE
3497;SARMIENTO;SANTA FE
3497;SOUTO MAYOR;SANTA FE
3498;ELISA;SANTA FE
3498;GOBERNADOR CRESPO;SANTA FE
3498;LA CAMILA;SANTA FE
3498;LA CRIOLLA;SANTA FE
3498;LA PENCA Y CARAGUATA;SANTA FE
3498;MARCELINO ESCALADA;SANTA FE
3498;NARE;SANTA FE
3498;RAMAYON;SANTA FE
3498;SAN JUSTO;SANTA FE
3498;SAN MARTIN NORTE;SANTA FE
3498;SOLEDAD;SANTA FE
3498;VERA Y PINTADO;SANTA FE
3498;VIDELA;SANTA FE
3498;VILLA SARALEGUI;SANTA FE
351;BOUWER;CORDOBA
351;COLONIA TIROLESA;CORDOBA
351;CORDOBA;CORDOBA
351;EL QUEBRACHAL;CORDOBA
351;FERREYRA;CORDOBA
351;GUIÑAZU;CORDOBA
351;JUAREZ CELMAN;CORDOBA
351;LICEO;CORDOBA
351;LOS BOULEVARES;CORDOBA
351;MALAGUEÑO;CORDOBA
351;MALVINAS ARGENTINAS;CORDOBA
351;MONTE CRISTO;CORDOBA
351;SANTA ISABEL;CORDOBA
351;TOLEDO;CORDOBA
351;VILLA ESQUIU;CORDOBA
351;VILLA RETIRO;CORDOBA
3521;AGUA HEDIONDA;CORDOBA
3521;AVELLANEDA;CORDOBA
3521;CAMINIAGA;CORDOBA
3521;COPACABANA;CORDOBA
3521;CHUÑA;CORDOBA
3521;DEAN FUNES;CORDOBA
3521;EL TUSCAL;CORDOBA
3521;GUAYACASTE;CORDOBA
3521;ISCHILIN;CORDOBA
3521;ISLA DE SAN ANTONIO;CORDOBA
3521;LAS JUNTAS;CORDOBA
3521;LAS PALMITAS OESTE;CORDOBA
3521;LOS CHAÑARES;CORDOBA
3521;LUCIO VICTOR MANSILLA;CORDOBA
3521;QUILINO;CORDOBA
3521;SAN JOSE DE LA DORMIDA;CORDOBA
3521;SAN JOSE DE LAS SALINAS;CORDOBA
3521;SAN PEDRO DE TOYOS;CORDOBA
3521;SANTA CRUZ;SANTA CRUZ
3521;VILLA ALBERTINA;CORDOBA
3521;VILLA GUTIERREZ;CORDOBA
3521;VILLA TULUMBA;CORDOBA
3522;AGUA DE ORO;CORDOBA
3522;CAMPO ALEGRE;CORDOBA
3522;CAMPO GRANDE;CORDOBA
3522;CHUÑA HUASI;CORDOBA
3522;EL RODEO;CORDOBA
3522;ENCRUCIJADAS;CORDOBA
3522;LA ESPERANZA;CORDOBA
3522;LAS ARRIAS;CORDOBA
3522;LOS LIMITES;CORDOBA
3522;LOS POZOS;CORDOBA
3522;LOS TAJAMARES;CORDOBA
3522;LOS TRES RIOS;CORDOBA
3522;POZO NUEVO;CORDOBA
3522;SAN FRANCISCO DEL CHAÑAR;CORDOBA
3522;SANTA ANA;CORDOBA
3522;SEBASTIAN ELCANO;CORDOBA
3522;TOTORILLA;CORDOBA
3522;RIO SECO;CORDOBA
3524;EL BAÑADO NORTE;CORDOBA
3524;LAS PEÑAS NORTE;CORDOBA
3524;SIMBOLAR;CORDOBA
3524;VILLA DEL TOTORAL;CORDOBA
3525;AGUA DE LAS PIEDRAS;CORDOBA
3525;AGUA DE ORO;CORDOBA
3525;ASCOCHINGA;CORDOBA
3525;CAÑADA DE LUQUE;CORDOBA
3525;COLONIA CAROYA;CORDOBA
3525;EL QUEBRACHO NORTE;CORDOBA
3525;EL SAUCE SUR;CORDOBA
3525;ESTACION SARMIENTO;CORDOBA
3525;GENERAL PAZ;CORDOBA
3525;JESUS MARIA;CORDOBA
3525;LA GRANJA;CORDOBA
3525;SAN JORGE;CORDOBA
3525;SINSACATE;CORDOBA
353;ARROYO ALGODON;CORDOBA
353;ARROYO CABRAL;CORDOBA
353;AUSONIA;CORDOBA
353;BALLESTEROS;CORDOBA
353;BALLESTEROS SUR;CORDOBA
353;BENGOLEA;CORDOBA
353;CARRILOBO;CORDOBA
353;CHAZON;CORDOBA
353;DALMACIO VELEZ SARFIELD;CORDOBA
353;ETRURIA;CORDOBA
353;HERNANDO;CORDOBA
353;JAMES CRAIK;CORDOBA
353;LA HERRADURA;CORDOBA
353;LA LAGUNA;CORDOBA
353;LA PALESTINA;CORDOBA
353;LA PLAYOSA;CORDOBA
353;LAS CUATRO ESQUINAS;CORDOBA
353;LAS ISLETILLAS;CORDOBA
353;LAS PEÑAS SUR;CORDOBA
353;LAS PERDICES;CORDOBA
353;LAS PLAYAS;CORDOBA
353;LOS ZORROS;CORDOBA
353;LUCA;CORDOBA
353;PASCANAS;CORDOBA
353;PASCO;CORDOBA
353;POZO DEL MOLLE;CORDOBA
353;PUNTA DEL AGUA;CORDOBA
353;RAMON J. CARCANO;CORDOBA
353;SANABRIA;CORDOBA
353;SILVIO PELLICO;CORDOBA
353;TICINO;CORDOBA
353;TIO PUJIO;CORDOBA
353;UCACHA;CORDOBA
353;VILLA MARIA;CORDOBA
353;VILLA NUEVA;CORDOBA
3532;CALCHIN OESTE;CORDOBA
3532;COLAZO;CORDOBA
3532;COLONIA ALMADA;CORDOBA
3532;COLONIA GARZON;CORDOBA
3532;COLONIA VIDELA;CORDOBA
3532;LAS JUNTURAS;CORDOBA
3532;OLIVA;CORDOBA
3532;PAMPAYASTA SUR;CORDOBA
3533;ALICIA;CORDOBA
3533;EL ARAÑADO;CORDOBA
3533;EL FORTIN;CORDOBA
3533;LAS VARAS;CORDOBA
3533;LAS VARILLAS;CORDOBA
3533;SACANTA;CORDOBA
3533;SATURNINO M. LASPIUR;CORDOBA
3533;VILLA SAN ESTEBAN;CORDOBA
3537;ALTO ALEGRE;CORDOBA
3537;BELL VILLE;CORDOBA
3537;CINTRA;CORDOBA
3537;CUATRO CAMINOS;CORDOBA
3537;CHILIBROSTE;CORDOBA
3537;IDIAZABAL;CORDOBA
3537;JUSTINIANO POSSE;CORDOBA
3537;LABORDE;CORDOBA
3537;LAS LAGUNITAS;CORDOBA
3537;MONTE LEÑA;CORDOBA
3537;MORRISON;CORDOBA
3537;ORDOÑEZ;CORDOBA
3537;SAN ANTONIO DE LITIN;CORDOBA
3537;SAN MARCOS SUD;CORDOBA
3537;VILLA LOS PATOS;CORDOBA
3541;BIALET MASSE;CORDOBA
3541;COSQUIN;CORDOBA
3541;SAN ANTONIO DE ARREDONDO;CORDOBA
3541;SANTA MARIA DE PUNILLA;CORDOBA
3541;TANTI;CORDOBA
3541;VILLA CARLOS PAZ;CORDOBA
3541;VILLA RIO ICHO CRUZ;CORDOBA
3541;VILLA SAN NICOLAS;CORDOBA
3541;VILLA SANTA CRUZ DEL LAGO;SANTA CRUZ
3542;AGUA DEL CRISPIN;CORDOBA
3542;ALTO GRANDE;CORDOBA
3542;AMBUL;CORDOBA
3542;BAJO DE LOS CORRALES;CORDOBA
3542;BELLA VISTA;CORDOBA
3542;CANDELARIA;CORDOBA
3542;CAPILLA LA CANDELARIA;CORDOBA
3542;CIENAGA DE BRITOS;CORDOBA
3542;CIENAGA DEL CORO;CORDOBA
3542;CRUZ DE CAÑA;CORDOBA
3542;CHANCANI;CORDOBA
3542;EL QUEMADO;CORDOBA
3542;ESTANCIA GUADALUPE;CORDOBA
3542;GUASAPAMPA;CORDOBA
3542;LA ARGENTINA;CORDOBA
3542;LA HIGUERA;CORDOBA
3542;LA PLAYA;CORDOBA
3542;LA SIERRITA;CORDOBA
3542;LOS BARRIALES;CORDOBA
3542;LOS MEDANITOS;CORDOBA
3542;MORTERITOS;CORDOBA
3542;MUSSI;CORDOBA
3542;NINALQUIN;CORDOBA
3542;OJO DE AGUA;CORDOBA
3542;OJO DE AGUA SUR;CORDOBA
3542;PIEDRAS ANCHAS;CORDOBA
3542;RUMIACO;CORDOBA
3542;SAGRADA FAMILIA;CORDOBA
3542;SALSACATE;CORDOBA
3542;SAN CARLOS MINAS;CORDOBA
3542;SAN JERONIMO;CORDOBA
3542;SIERRA DE PAREDES;CORDOBA
3542;TALA CAÑADA;CORDOBA
3542;TOSNO;CORDOBA
3542;VILLA DE POCHO;CORDOBA
3543;ARGÜELLO;CORDOBA
3543;CABANA;CORDOBA
3543;DUMESNIL;CORDOBA
3543;LA CALERA;CORDOBA
3543;MENDIOLAZA;CORDOBA
3543;RIO CEBALLOS;CORDOBA
3543;SALDAN;CORDOBA
3543;SALSIPUEDES;CORDOBA
3543;UNQUILLO;CORDOBA
3544;CIENAGA DE ALLENDE;CORDOBA
3544;CONLARA;CORDOBA
3544;EL MEDANITO;CORDOBA
3544;EL PERCHEL;CORDOBA
3544;LA CONCEPCION;CORDOBA
3544;LA PAZ;CORDOBA
3544;LA POBLACION;CORDOBA
3544;LA TRAVESIA;CORDOBA
3544;LAS CALLES;CORDOBA
3544;LAS CORTADERAS;CORDOBA
3544;LAS TAPIAS NORTE;CORDOBA
3544;LOS CALLEJONES;CORDOBA
3544;LOS CERRILLOS;CORDOBA
3544;LOS HORNILLOS;CORDOBA
3544;LOS MANANTIALES;CORDOBA
3544;LOS ROMEROS;CORDOBA
3544;LUYABA;CORDOBA
3544;MINA CLAVERO;CORDOBA
3544;NONO;CORDOBA
3544;OJO DE AGUA;CORDOBA
3544;PANAHOLMA;CORDOBA
3544;PIEDRA PINTADA;CORDOBA
3544;QUEBRACHO LADEADO;CORDOBA
3544;SAN JAVIER;CORDOBA
3544;SAN JOSE;CORDOBA
3544;SAN MIGUEL;CORDOBA
3544;SAN RAFAEL;CORDOBA
3544;SAN VICENTE;CORDOBA
3544;SAUCE ARRIBA;CORDOBA
3544;VILLA DOLORES;CORDOBA
3544;VILLA LAS ROSAS;CORDOBA
3544;VILLA RAFAEL BENEGAS;CORDOBA
3544;YACANTO;CORDOBA
3546;AMBOY;CORDOBA
3546;ATOS PAMPA;CORDOBA
3546;BAHIA AGRADABLE;CORDOBA
3546;CAÑADA DEL SAUCE;CORDOBA
3546;CERRO PELADO;CORDOBA
3546;EL CORCOVADO;CORDOBA
3546;EL DURAZNO SUR;CORDOBA
3546;INTI YACO;CORDOBA
3546;LA CRUZ;CORDOBA
3546;LA CUMBRECITA;CORDOBA
3546;LOS REARTES;CORDOBA
3546;LUTTI;CORDOBA
3546;POTRERO DE LUJAN;CORDOBA
3546;SAN IGNACIO SUR;CORDOBA
3546;SANTA ROSA DE CALAMUCHITA;CORDOBA
3546;VILLA ALPINA;CORDOBA
3546;VILLA AMANCAY;CORDOBA
3546;VILLA BERNA;CORDOBA
3546;VILLA DEL DIQUE;CORDOBA
3546;VILLA GENERAL BELGRANO;CORDOBA
3546;VILLA PARQUE LOS REARTES;CORDOBA
3546;VILLA RUMIPAL;CORDOBA
3546;VILLA SANTA MONICA;CORDOBA
3546;VILLA YACANTO;CORDOBA
3547;ALTA GRACIA;CORDOBA
3547;ANIZACATE;CORDOBA
3547;BAHIA TONON;CORDOBA
3547;BAJO CHICO;CORDOBA
3547;BOCA DEL RIO;CORDOBA
3547;COLONIA EVITA;CORDOBA
3547;DESPEÑADEROS;CORDOBA
3547;FALDA DEL CARMEN;CORDOBA
3547;GOLPE DE AGUA;CORDOBA
3547;JOSE DE LA QUINTANA;CORDOBA
3547;LA BOLSA;CORDOBA
3547;LA PAISANITA;CORDOBA
3547;LA SERRANITA;CORDOBA
3547;LOS CEDROS;CORDOBA
3547;LOS MOLINOS;CORDOBA
3547;MONTE RALO;CORDOBA
3547;OBSERVATORIO;CORDOBA
3547;POTRERO DE GARAY;CORDOBA
3547;RAFAEL GARCIA;CORDOBA
3547;SAN AGUSTIN;CORDOBA
3547;SAN CLEMENTE;CORDOBA
3547;SANTA ANA;CORDOBA
3547;VALLE CAUNTRY CLUB;CORDOBA
3547;VILLA CIUDAD DE AMERICA;CORDOBA
3547;VILLA DIQUE LOS MOLINOS;CORDOBA
3547;VILLA LA MARCED;CORDOBA
3547;VILLA LOS AROMOS;CORDOBA
3547;VILLA LOS MOLINOS NORTE;CORDOBA
3547;VILLA SAN ISIDRO;CORDOBA
3548;CANTERAS IGUAZU;CORDOBA
3548;CAPILLA DEL MONTE;CORDOBA
3548;CASA GRANDE;CORDOBA
3548;CHARBONIER;CORDOBA
3548;DOLORES;CORDOBA
3548;ESCUELA EL PANTANO;CORDOBA
3548;LA CUMBRE;CORDOBA
3548;LA FALDA;CORDOBA
3548;LOS COCOS;CORDOBA
3548;NEGRO HUASI;CORDOBA
3548;ONGAMIRA;CORDOBA
3548;ORO GRUESO;CORDOBA
3548;PIEDRAS GRANDES;CORDOBA
3548;SAN ESTEBAN;CORDOBA
3548;VALLE HERMOSO;CORDOBA
3548;VILLA GIARDINO;CORDOBA
3549;AGUAS DE RAMON;CORDOBA
3549;BAÑADO DE SOTO;CORDOBA
3549;CANTERAS QUILPIO;CORDOBA
3549;CRUZ DEL EJE;CORDOBA
3549;EL BRETE;CORDOBA
3549;EMBALSE PICHANAS;CORDOBA
3549;GUANACO MUERTO;CORDOBA
3549;LA BATEA;CORDOBA
3549;LOS LEONES;CORDOBA
3549;MEDIA NARANJA;CORDOBA
3549;PASO VIEJO;CORDOBA
3549;PICHANAS;CORDOBA
3549;PIEDRA ANCHA;CORDOBA
3549;SAN ANTONIO;CORDOBA
3549;SAN MARCOS SIERRA;CORDOBA
3549;SERREZUELA;CORDOBA
3549;TOTORA HUASI;CORDOBA
3549;VILLA DE SOTO;CORDOBA
3562;ALTOS DE CHIPION;CORDOBA
3562;BRINKMANN;CORDOBA
3562;COLONIA DIEZ DE JULIO;CORDOBA
3562;COLONIA MILESI;CORDOBA
3562;COLONIA ROSA;CORDOBA
3562;COLONIA SAN PEDRO;CORDOBA
3562;COLONIA VIGNAUD;CORDOBA
3562;LA PAQUITA;CORDOBA
3562;MORTEROS;CORDOBA
3562;SAN GUILLERMO;CORDOBA
3562;SEEBER;CORDOBA
3562;SUARDI;CORDOBA
3563;BALNEARIA;CORDOBA
3563;MARULL;CORDOBA
3563;MIRAMAR;CORDOBA
3564;COLONIA CASTELAR;CORDOBA
3564;COLONIA MARINA;CORDOBA
3564;COLONIA PROSPERIDAD;CORDOBA
3564;COLONIA SAN BARTOLOME;CORDOBA
3564;DEVOTO;CORDOBA
3564;FREYRE;CORDOBA
3564;LA FRANCIA;CORDOBA
3564;PLAZA LUXARDO;CORDOBA
3564;PORTEÑA;CORDOBA
3564;QUEBRACHO HERRADO;CORDOBA
3564;SAN FRANCISCO;CORDOBA
3564;ZENON PEREYRA;CORDOBA
3571;ALMAFUERTE;CORDOBA
3571;CORRALITO;CORDOBA
3571;EMBALSE;CORDOBA
3571;GENERAL FOTHERINGHAM;CORDOBA
3571;LAS BAJADAS;CORDOBA
3571;LOS CONDORES;CORDOBA
3571;RIO TERCERO;CORDOBA
3571;TANCACHA;CORDOBA
3571;TRES POZOS;CORDOBA
3571;VILLA ASCASUBI;CORDOBA
3572;COSME SUR;CORDOBA
3572;COSTA SACATE;CORDOBA
3572;IMPIRA;CORDOBA
3572;LAGUNA LARGA;CORDOBA
3572;LOZADA;CORDOBA
3572;MANFREDI;CORDOBA
3572;ONCATIVO;CORDOBA
3572;PILAR;CORDOBA
3572;RIO SEGUNDO;CORDOBA
3573;CALCHIN;CORDOBA
3573;CAÑADA DEL MACHADO SUR;CORDOBA
3573;CAPILLA DEL CARMEN;CORDOBA
3573;COSTA ALEGRE;CORDOBA
3573;LUQUE;CORDOBA
3573;MATORRALES;CORDOBA
3573;RINCON;CORDOBA
3573;VILLA DEL ROSARIO;CORDOBA
3574;CAÑADA DEL MACHADO NORTE;CORDOBA
3574;CAPILLA DE LA SAGRADA FAMILIA;CORDOBA
3574;CAPILLA DE LOS REMEDIOS;CORDOBA
3574;COLONIA EL FORTIN;CORDOBA
3574;COMECHINGONES;CORDOBA
3574;EL CRISPIN;CORDOBA
3574;ESQUINA;CORDOBA
3574;KILOMETRO 691;CORDOBA
3574;LOS GUNDOS;CORDOBA
3574;NUEVA ANDALUCIA;CORDOBA
3574;PEDRO E VIVAS;CORDOBA
3574;PIQUILLIN;CORDOBA
3574;PUESTO DE AFUERA;CORDOBA
3574;RIO PRIMERO;CORDOBA
3574;SANTA ROSA DE RIO PRIMERO;CORDOBA
3574;SANTIAGO TEMPLE;CORDOBA
3574;TINOCO;CORDOBA
3575;ATAHONA;CORDOBA
3575;CAPILLA DE SITON;CORDOBA
3575;CHALACEA;CORDOBA
3575;DIEGO DE ROJAS;CORDOBA
3575;EL TOSTADO;CORDOBA
3575;LA ANGOSTURA;CORDOBA
3575;LA PARA;CORDOBA
3575;LA POSTA;CORDOBA
3575;LA PUERTA;CORDOBA
3575;LA QUINTA;CORDOBA
3575;LAS AVERIAS;CORDOBA
3575;LAS PALMITAS ESTE;CORDOBA
3575;LAS SALADAS;CORDOBA
3575;MAQUINISTA GALLINI;CORDOBA
3575;MONTE DEL ROSARIO;CORDOBA
3575;OBISPO TREJO;CORDOBA
3575;VILLA FONTANA;CORDOBA
3576;ARROYITO;CORDOBA
3576;COLONIA COYUNDA;CORDOBA
3576;COLONIA CUATRO ESQUINAS;CORDOBA
3576;COLONIA LA TORDILLA;CORDOBA
3576;COLONIA POZO DEL CHAJA;CORDOBA
3576;EL FUERTECITO;CORDOBA
3576;EL MANANTIAL;CORDOBA
3576;EL TIO;CORDOBA
3576;LA CORTADERA;CORDOBA
3576;LA TORDILLA;CORDOBA
3576;LAS GRAMILLAS;CORDOBA
3576;LOS CHANARITOS;CORDOBA
3576;POZO DE LA LOMA;CORDOBA
3576;TORO PUJIO;CORDOBA
3576;TRANSITO;CORDOBA
3576;VILLA CONCEPCION DEL TIO;CORDOBA
3576;VILLA DEL TRANSITO;CORDOBA
358;ALCIRA;CORDOBA
358;ALEJANDRO ROCA;CORDOBA
358;ALPA CORRAL;CORDOBA
358;BERROTARAN;CORDOBA
358;CARNERILLO;CORDOBA
358;COLONIA DOLORES;CORDOBA
358;COLONIA EL CARMEN;CORDOBA
358;CORONEL BAIGORRIA;CORDOBA
358;CHARRAS;CORDOBA
358;CHUCUL;CORDOBA
358;EL BAÑADO;CORDOBA
358;EL CHACAY;CORDOBA
358;ELENA;CORDOBA
358;ESPINILLO;CORDOBA
358;GENERAL CABRERA;CORDOBA
358;GENERAL DEHEZA;CORDOBA
358;HOLMBERG;CORDOBA
358;HUERTA VIEJA;CORDOBA
358;LA AGUADA;CORDOBA
358;LA BARRANQUITA;CORDOBA
358;LA CALERA CALAMUCHITA;CORDOBA
358;LA CAROLINA;CORDOBA
358;LA ESQUINA;CORDOBA
358;LA GILDA;CORDOBA
358;LAS ACEQUIAS;CORDOBA
358;LAS ALBAHACAS;CORDOBA
358;LAS CAÑITAS;CORDOBA
358;LAS HIGUERAS;CORDOBA
358;LAS QUINTAS;CORDOBA
358;LAS VERTIENTES;CORDOBA
358;LOS MOLLES;CORDOBA
358;OLAETA;CORDOBA
358;PASO DEL DURAZNO;CORDOBA
358;RIO CUARTO;CORDOBA
358;RIO DE LOS SAUCES;CORDOBA
358;RODEO VIEJO;CORDOBA
358;SAN AMBROSIO;CORDOBA
358;VILLA REDUCCION;CORDOBA
3582;ACHIRAS;CORDOBA
3582;BULNES;CORDOBA
3582;CORONEL MOLDES;CORDOBA
3582;CHAJAN;CORDOBA
3582;CHAÑARITOS;CORDOBA
3582;FRAGUEYRO;CORDOBA
3582;LOS JAGUELES;CORDOBA
3582;MALENA;CORDOBA
3582;SAMPACHO;CORDOBA
3582;SUCO;CORDOBA
3583;DEL CAMPILLO;CORDOBA
3583;GENERAL SOLER;CORDOBA
3583;LA CAUTIVA;CORDOBA
3583;LA LEGUA;CORDOBA
3583;MATTALDI;CORDOBA
3583;NICOLAS BRUZONE;CORDOBA
3583;TOSQUITA;CORDOBA
3583;VICUÑA MACKENNA;CORDOBA
3583;VILLA SARMIENTO;CORDOBA
3583;VILLA VALERIA;CORDOBA
3583;WASHINGTON;CORDOBA
3584;EL RASTREADOR;CORDOBA
3584;HUANCHILLA;CORDOBA
3584;LA CARLOTA;CORDOBA
3584;LOS CISNES;CORDOBA
3584;SANTA EUFEMIA;CORDOBA
3585;ADELIA MARIA;CORDOBA
3585;LA BRIANZA;CORDOBA
3585;MONTE DE LOS GAUCHOS;CORDOBA
3585;PUNTA DEL AGUA;CORDOBA
3585;SAN BASILIO;CORDOBA
362;BARRIO LOS PESCADORES;CHACO
362;BASAIL;CHACO
362;COLONIA BENITEZ;CHACO
362;COLONIA POPULAR;CHACO
362;GENERAL VEDIA;CHACO
362;ISLA DEL CERRITO;CHACO
362;LA ESCONDIDA;CHACO
362;LA LEONESA;CHACO
362;LA VERDE;CHACO
362;LAGUNA BLANCA;CHACO
362;LAPACHITO;CHACO
362;MAKALLE;CHACO
362;MARGARITA BELEN;CHACO
362;PUERTO BASTIANI;CHACO
362;PUERTO BERMEJO;CHACO
362;PUERTO TIROL;CHACO
362;RESISTENCIA;CHACO
364;AVIA TERAI;CHACO
364;CAMPO LARGO;CHACO
364;COLONIA ABORIGEN CHACO;CHACO
364;CONCEPCION DEL BERMEJO;CHACO
364;EL PALMAR;CHACO
364;JUAN JOSE CASTELLI;CHACO
364;LA TIGRA;CHACO
364;LOS FRENTONES;CHACO
364;NAPENAY;CHACO
364;PAMPA DEL INFIERNO;CHACO
364;PRESIDENCIA ROQUE SAENZ PEÑA;CHACO
364;QUITILIPI;CHACO
364;TRES ISLETAS;CHACO
364;VILLA RIO BERMEJITO;CHACO
370;COLONIA PASTORIL;FORMOSA
370;COLONIA VILLAFAÑE;FORMOSA
370;EL COLORADO;FORMOSA
370;FORMOSA;FORMOSA
370;GENERAL LUCIO V. MANSILLA;FORMOSA
370;GRAN GUARDIA;FORMOSA
370;HERRADURA;FORMOSA
370;MOJON DE FIERRO;FORMOSA
370;PALO SANTO;FORMOSA
370;PIRANE;FORMOSA
370;SAN FRANCISCO DE LAISHI;FORMOSA
370;SAN HILARIO;FORMOSA
370;VILLA DOS TRECE;FORMOSA
3711;COMANDANTE FRIAS;CHACO
3711;GENERAL MOSCONI;FORMOSA
3711;INGENIERO GUILLERMO N. JUAREZ;FORMOSA
3711;LOS CHIRIGÜANOS;FORMOSA
3711;MARIA CRISTINA;FORMOSA
3715;LAGUNA YEMA;FORMOSA
3715;LAS LOMITAS;FORMOSA
3715;NUEVA POMPEYA;CHACO
3715;POZO DEL TIGRE;FORMOSA
3715;SAUZALITO;CHACO
3716;COMANDANTE FONTANA;FORMOSA
3716;ESTANISLAO DEL CAMPO;FORMOSA
3716;GENERAL MANUEL BELGRANO;FORMOSA
3716;IBARRETA;FORMOSA
3716;SAN MARTIN;FORMOSA
3716;VILLA GENERAL GÜEMES;FORMOSA
3718;CLORINDA;FORMOSA
3718;COLONIA BUENA VISTA;FORMOSA
3718;EL ESPINILLO;FORMOSA
3718;LAGUNA BLANCA;FORMOSA
3718;LAGUNA GALLO;FORMOSA
3718;LAGUNA NAICK NECK;FORMOSA
3718;MISION TACAAGLE;FORMOSA
3718;PALMA SOLA;FORMOSA
3718;RIACHO HE-HE;FORMOSA
3718;SIETE PALMAS;FORMOSA
3718;TRES LAGUNAS;FORMOSA
3721;COTE LAI;CHACO
3721;CHARADAI;CHACO
3721;LA SABANA;CHACO
3725;CAPITAN SOLARI;CHACO
3725;COLONIA LAS GARCITAS;CHACO
3725;COLONIAS UNIDAS;CHACO
3725;GENERAL JOSE DE SAN MARTIN;CHACO
3725;LAGUNA LIMPIA;CHACO
3725;LAS GARCITAS;CHACO
3725;PAMPA ALMIRON;CHACO
3725;PAMPA DEL INDIO;CHACO
3725;PRESIDENCIA ROCA;CHACO
3725;SELVAS DEL RIO DE ORO;CHACO
3731;CORZUELA;CHACO
3731;CHARATA;CHACO
3731;GANCEDO;CHACO
3731;GENERAL PINEDO;CHACO
3731;LAS BREÑAS;CHACO
3734;COLONIA ELISA;CHACO
3734;EL CURUNDU;CHACO
3734;ING. BARBET;CHACO
3734;MACHAGAI;CHACO
3734;PRESIDENCIA DE LA PLAZA;CHACO
3735;COLONIA D. MATHEU;CHACO
3735;CORONEL DU GRATY;CHACO
3735;ENRIQUE URIEN;CHACO
3735;HERMOSO CAMPO;CHACO
3735;LA CLOTILDE;CHACO
3735;PUEBLO CLODOMIRO DIAZ;CHACO
3735;SAMUHU;CHACO
3735;SAN BERNARDO;CHACO
3735;SANTA SYLVINA;CHACO
3735;VILLA ANGELA;CHACO
3735;VILLA BERTHET;CHACO
3741;BERNARDO DE IRIGOYEN;MISIONES
3741;SAN ANTONIO;MISIONES
3743;CAPIOVI;MISIONES
3743;GARUHAPE;MISIONES
3743;JARDIN AMERICA;MISIONES
3743;OASIS;MISIONES
3743;PUERTO LEONI;MISIONES
3743;PUERTO RICO;MISIONES
3743;RUIZ DE MONTOYA;MISIONES
3751;9 DE JULIO;MISIONES
3751;CARAGUATAY;MISIONES
3751;COLONIA VICTORIA;MISIONES
3751;EL ALCAZAR;MISIONES
3751;ELDORADO;MISIONES
3751;MARIA MAGDALENA;MISIONES
3751;MONTECARLO;MISIONES
3751;PUERTO PIRAY;MISIONES
3751;SAN PEDRO;MISIONES
3751;TARUMA;MISIONES
3751;VILLA ROULET;MISIONES
3754;ALMAFUERTE;MISIONES
3754;DOS ARROYOS;MISIONES
3754;GOBERNADOR LOPEZ;MISIONES
3754;ITACARUARE;MISIONES
3754;LEANDRO N. ALEM;MISIONES
3754;MOJON GRANDE;MISIONES
3754;PANAMBI KM 15;MISIONES
3754;PANAMBI KM8;MISIONES
3754;SAN JAVIER;MISIONES
3755;2 DE MAYO;MISIONES
3755;25 DE MAYO;MISIONES
3755;ALBA POSSE;MISIONES
3755;ARISTOBULO DEL VALLE;MISIONES
3755;CAMPO GRANDE;MISIONES
3755;CAMPO RAMON;MISIONES
3755;CAMPO VIERA;MISIONES
3755;COLONIA ALBERDI;MISIONES
3755;COLONIA AURORA;MISIONES
3755;EL SOBERBIO;MISIONES
3755;OBERA;MISIONES
3755;PUEBLO GUARANI;MISIONES
3755;SALTO DEL MOCONA;MISIONES
3755;SAN MARTIN;MISIONES
3755;SAN VICENTE;MISIONES
3755;SANTA RITA;MISIONES
3755;VILLA BONITA;MISIONES
3755;VILLA SALTO ENCANTADO;MISIONES
3756;GALARZA;CORRIENTES
3756;GOBERNADOR VIRASORO;CORRIENTES
3756;GOMEZ CUE;CORRIENTES
3756;HORMIGUERO;CORRIENTES
3756;SANTO TOME;CORRIENTES
3757;ANDRESITO;MISIONES
3757;GOBERNADOR J. J. LANUSSE;MISIONES
3757;PUERTO ESPERANZA;MISIONES
3757;PUERTO IGUAZU;MISIONES
3757;PUERTO LIBERTAD;MISIONES
3757;WANDA;MISIONES
3758;APOSTOLES;MISIONES
3758;AZARA;MISIONES
3758;CENTINELA;MISIONES
3758;CONCEPCION DE LA SIERRA;MISIONES
3758;GARABI;MISIONES
3758;GARRUCHOS;MISIONES
3758;PLAYADITO;MISIONES
3758;SAN CARLOS;MISIONES
3758;SAN JOSE;MISIONES
376;BONPLAND;MISIONES
376;CANDELARIA;MISIONES
376;CERRO AZUL;MISIONES
376;CERRO CORA;MISIONES
376;CORPUS;MISIONES
376;GARUPA;MISIONES
376;GOBERNADOR ROCA;MISIONES
376;HIPOLITO YRIGOYEN;MISIONES
376;POSADAS;MISIONES
376;SAN IGNACIO;MISIONES
376;SANTA ANA;MISIONES
376;SANTO PIPO;MISIONES
3772;ALVEAR;CORRIENTES
3772;GUAVIRAVI;CORRIENTES
3772;LA CRUZ;CORRIENTES
3772;PANCHO CUE;CORRIENTES
3772;PARAJE ESTINGANA;CORRIENTES
3772;PASO DE LOS LIBRES;CORRIENTES
3772;TAPEBICUA;CORRIENTES
3772;YAPEYU;CORRIENTES
3772;YURUCUA;CORRIENTES
3773;AGUAY;CORRIENTES
3773;CAPITA MINI;CORRIENTES
3773;COLONIA CARLOS PELLEGRINI;CORRIENTES
3773;CHAVARRIA;CORRIENTES
3773;FELIPE YOFRE;CORRIENTES
3773;MERCEDES;CORRIENTES
3773;PASO BUENA VISTA;CORRIENTES
3773;PERUGORRIA;CORRIENTES
3773;SOLARI;CORRIENTES
3774;BAIBIENE;CORRIENTES
3774;CURUZU CUATIA;CORRIENTES
3774;CHAÑAR;CORRIENTES
3774;SAUCE;CORRIENTES
3775;BOMPLAND;CORRIENTES
3775;COLONIA LIBERTAD;CORRIENTES
3775;JUAN PUJOL;CORRIENTES
3775;MOCORETA;CORRIENTES
3775;MONTE CASEROS;CORRIENTES
3775;SAN ANTONIO;CORRIENTES
3777;9 DE JULIO;CORRIENTES
3777;BELLA VISTA;CORRIENTES
3777;CAFARREÑO;CORRIENTES
3777;COLONIA CAROLINA;CORRIENTES
3777;COLONIA CECILIO ECHAVARRIA;CORRIENTES
3777;COLONIA PORVENIR;CORRIENTES
3777;COLONIA PROGRESO;CORRIENTES
3777;COLONIA TRES DE ABRIL;CORRIENTES
3777;DESMOCHADO;CORRIENTES
3777;ESQUINA;CORRIENTES
3777;GOBERNADOR MARTINEZ;CORRIENTES
3777;GOYA;CORRIENTES
3777;GUAYQUIRARO;CORRIENTES
3777;IFRAN;CORRIENTES
3777;LAVALLE;CORRIENTES
3777;MALVINAS;CORRIENTES
3777;MANUEL F MANTILLA;CORRIENTES
3777;PAGO REDONDO;CORRIENTES
3777;PARAJE MARUCHAS;CORRIENTES
3777;PARAJE SAN ISIDRO;CORRIENTES
3777;PARAJE SANTILLAN;CORRIENTES
3777;PUEBLO LIBERTADOR;CORRIENTES
3777;SAN ROQUE;CORRIENTES
3777;SANTA LUCIA;CORRIENTES
3777;YATAITY CALLE;CORRIENTES
3781;BERON DE ASTRADA;CORRIENTES
3781;CAA CATI;CORRIENTES
3781;COLONIA MADARIAGA;CORRIENTES
3781;ITA IBATE;CORRIENTES
3781;LORETO;CORRIENTES
3781;PASO FLORENTIN;CORRIENTES
3781;SAN MIGUEL;CORRIENTES
3782;ANGUA;CORRIENTES
3782;COLONIA PANDO;CORRIENTES
3782;COLONIA SARGENTO CABRAL;CORRIENTES
3782;COLONIA TATACUA;CORRIENTES
3782;CONCEPCION;CORRIENTES
3782;MANANTIALES;CORRIENTES
3782;MBURUCUYA;CORRIENTES
3782;PASO ALEGRE;CORRIENTES
3782;SALADAS;CORRIENTES
3782;SAN LORENZO;CORRIENTES
3782;SANTA ROSA;CORRIENTES
3786;APIPE GRANDE;CORRIENTES
3786;COLONIA SAN ANTONIO;CORRIENTES
3786;ITUZAINGO;CORRIENTES
3786;VILLA OLIVARI;CORRIENTES
379;CORRIENTES;CORRIENTES
379;EL SOMBRERO;CORRIENTES
379;EMPEDRADO;CORRIENTES
379;HERLITZKA;CORRIENTES
379;ITATI;CORRIENTES
379;LAGUNA BRAVA;CORRIENTES
379;MANUEL DERQUI;CORRIENTES
379;PASO DE LA PATRIA;CORRIENTES
379;RIACHUELO;CORRIENTES
379;SAN COSME;CORRIENTES
379;SAN LUIS DEL PALMAR;SAN LUIS
379;SANTA ANA;CORRIENTES
380;AMANA;LA RIOJA
380;EL CANTADERO;LA RIOJA
380;EL HUACO;LA RIOJA
380;LA RIOJA;LA RIOJA
380;PATQUIA;LA RIOJA
380;VILLA SANAGASTA;LA RIOJA
381;BARRIO 12 DE JUNIO;TUCUMAN
381;BARRIO CASA ROSADA;TUCUMAN
381;BELLA VISTA;TUCUMAN
381;COLOMBRES;TUCUMAN
381;COLONIA LOTE 11;TUCUMAN
381;DELFIN GALLO;TUCUMAN
381;EL BRACHO;TUCUMAN
381;EL CADILLAL;TUCUMAN
381;EL CHAÑAR;TUCUMAN
381;INGENIO LA TRINIDAD;TUCUMAN
381;LA FLORIDA;TUCUMAN
381;LA RAMADA;TUCUMAN
381;LA REDUCCION;TUCUMAN
381;LAS BOLSAS;TUCUMAN
381;LOS GUTIERREZ;TUCUMAN
381;LOS NOGALES;TUCUMAN
381;LULES;TUCUMAN
381;MANUEL GARCIA FERNANDEZ;TUCUMAN
381;PACARA;TUCUMAN
381;RACO;TUCUMAN
381;SAN ANDRES;TUCUMAN
381;SAN JAVIER;TUCUMAN
381;SAN MIGUEL DE TUCUMAN;TUCUMAN
381;SAN PABLO;TUCUMAN
381;SIAMBON;TUCUMAN
381;TAFI VIEJO;TUCUMAN
381;VILLA CARMELA;TUCUMAN
381;VILLA NOUGUES;TUCUMAN
3821;CHEPES;LA RIOJA
3821;DESIDERIO TELO;LA RIOJA
3821;SAN ANTONIO;LA RIOJA
3821;ULAPES;LA RIOJA
3821;VILLA CASANA;LA RIOJA
3825;ALTO JAGUE;LA RIOJA
3825;ANGUINAN;LA RIOJA
3825;ANGULOS;LA RIOJA
3825;ANTINACO;LA RIOJA
3825;CAMPANAS;LA RIOJA
3825;CARRIZAL OESTE;LA RIOJA
3825;CHAÑARMUYO;LA RIOJA
3825;CHILECITO;LA RIOJA
3825;EL POTRERILLO;LA RIOJA
3825;FAMATINA;LA RIOJA
3825;GUANCHIN;LA RIOJA
3825;GUANDACOL SUR;LA RIOJA
3825;LA CUADRA;LA RIOJA
3825;LA PUNTILLA;LA RIOJA
3825;LOS PALACIOS;LA RIOJA
3825;MALLIGASTA;LA RIOJA
3825;MIRANDA;LA RIOJA
3825;NONOGASTA;LA RIOJA
3825;PAGANCILLO;LA RIOJA
3825;PITUIL;LA RIOJA
3825;POTRERO GRANDE;LA RIOJA
3825;SAN MIGUEL;LA RIOJA
3825;SANTA CRUZ;LA RIOJA
3825;SANTO DOMINGO;LA RIOJA
3825;SAÑOGASTA;LA RIOJA
3825;VICHIGASTA;LA RIOJA
3825;VILLA CASTELLI;LA RIOJA
3825;VILLA UNION;LA RIOJA
3825;VINCHINA;LA RIOJA
3826;CHAMICAL;LA RIOJA
3826;CHAÑAR;LA RIOJA
3826;EL PORTEZUELO;LA RIOJA
3826;LOMA BLANCA;LA RIOJA
3826;MALANZAN;LA RIOJA
3826;MILAGRO;LA RIOJA
3826;NACATE;LA RIOJA
3826;OLTA;LA RIOJA
3826;PUNTA DE LOS LLANOS;LA RIOJA
3826;SANTA RITA DE CATUNA;LA RIOJA
3826;SOLCA;LA RIOJA
3826;TAMA;LA RIOJA
3827;AIMOGASTA;LA RIOJA
3827;AMINGA;LA RIOJA
3827;ANILLACO;LA RIOJA
3827;ASPASINCHE;LA RIOJA
3827;BAÑADO DE LOS PANTANOS;LA RIOJA
3827;CUIPAN;LA RIOJA
3827;CHUQUIS;LA RIOJA
3827;ESTACION MAZAN;LA RIOJA
3827;LOS MOLINOS;LA RIOJA
3827;LOS ROBLES;LA RIOJA
3827;PINCHAS;LA RIOJA
3827;SALICAS;LA RIOJA
3827;SAN PEDRO;LA RIOJA
3827;SCHAQUI;LA RIOJA
3827;SURIYACO;LA RIOJA
3827;VILLA MAZAN;LA RIOJA
383;ALIJILAN;CATAMARCA
383;AMADORES;CATAMARCA
383;BALCOZNA;CATAMARCA
383;BAÑADO DE OVANTA;CATAMARCA
383;CAPAYAN;CATAMARCA
383;SAN FDO DEL VALLE DE CATAMARCA;CATAMARCA
383;COLONIA DEL VALLE;CATAMARCA
383;COLONIA NUEVA CONETA;CATAMARCA
383;COLPES;CATAMARCA
383;COLLAGASTA;CATAMARCA
383;CONCEPCION OESTE;CATAMARCA
383;CONETA;CATAMARCA
383;CHUMBICHA;CATAMARCA
383;EL ALTO;CATAMARCA
383;EL PANTANILLO;CATAMARCA
383;EL PORTEZUELO;CATAMARCA
383;EL RODEO;CATAMARCA
383;GUAYAMBA;CATAMARCA
383;HUAYCAMA;CATAMARCA
383;HUILLAPIMA;CATAMARCA
383;INFANZON;CATAMARCA
383;LA BAJADA;CATAMARCA
383;LA CARRERA;CATAMARCA
383;LA HIGUERA;CATAMARCA
383;LA MERCED;CATAMARCA
383;LA PUERTA;CATAMARCA
383;LAS JUNTAS;CATAMARCA
383;LAS LAJAS;CATAMARCA
383;LAS PIRQUITAS;CATAMARCA
383;LAS TEJAS DE ABAJO;CATAMARCA
383;LOS ALTOS;CATAMARCA
383;LOS ANGELES;CATAMARCA
383;LOS CASTILLOS;CATAMARCA
383;LOS TALAS;CATAMARCA
383;MANANTIALES;CATAMARCA
383;MIRAFLORES;CATAMARCA
383;MONTE POTRERO;CATAMARCA
383;NUEVA CONETA;CATAMARCA
383;PALO LABRADO;CATAMARCA
383;POMANCILLO;CATAMARCA
383;SAN ANTONIO PACLIN;CATAMARCA
383;SAN JOSE;CATAMARCA
383;SAN PABLO;CATAMARCA
383;SAN PEDRO;CATAMARCA
383;SAN PEDRO DE CAPAYAN;CATAMARCA
383;VILLISMAN;CATAMARCA
3832;ANCASTI;CATAMARCA
3832;ANQUINCILLA;CATAMARCA
3832;BALDE DE LA PUNTA;CATAMARCA
3832;CANDELARIA;CATAMARCA
3832;CASA DE PIEDRA;CATAMARCA
3832;EL AYBAL;CATAMARCA
3832;EL DIVISADERO;CATAMARCA
3832;ESQUIU;CATAMARCA
3832;ICAÑO;CATAMARCA
3832;LA DORADA;CATAMARCA
3832;LA GUARDIA;CATAMARCA
3832;LA MAJADA;CATAMARCA
3832;LAS ESQUINAS;CATAMARCA
3832;QUIROS;CATAMARCA
3832;RECREO;CATAMARCA
3832;SAN ANTONIO;CATAMARCA
3832;SAN ANTONIO DE LA PAZ;CATAMARCA
3832;SAN ANTONIO SUR;CATAMARCA
3832;SAN MARTIN;CATAMARCA
3835;AMANAO;CATAMARCA
3835;ANDALGALA;CATAMARCA
3835;ANTOFAGASTA DE LA SIERRA;CATAMARCA
3835;BAJO LA ALUMBRERA;CATAMARCA
3835;BARRANCA LARGA;CATAMARCA
3835;BELEN;CATAMARCA
3835;BUENA VISTA;CATAMARCA
3835;COLANA;CATAMARCA
3835;COLPES;CATAMARCA
3835;CORRAL QUEMADO;CATAMARCA
3835;CHAQUIAGO;CATAMARCA
3835;CHOYA;CATAMARCA
3835;EL ALAMITO;CATAMARCA
3835;EL BOLSON;CATAMARCA
3835;EL LINDERO;CATAMARCA
3835;EL PAJONAL;CATAMARCA
3835;EL PEÑON;CATAMARCA
3835;EL POTRERO;CATAMARCA
3835;HUALFIN;CATAMARCA
3835;JACIPUNCO;CATAMARCA
3835;JOYANGO;CATAMARCA
3835;LA AGUADA;CATAMARCA
3835;LAS CHACRITAS;CATAMARCA
3835;LONDRES;CATAMARCA
3835;LOS NACIMIENTOS;CATAMARCA
3835;LOS VARELA;CATAMARCA
3835;MINA FARALLON NEGRO;CATAMARCA
3835;MINERA DEL ALTIPLANO;CATAMARCA
3835;MUTQUIN;CATAMARCA
3835;POMAN;CATAMARCA
3835;PUERTA DEL CORRAL QUEMADO;CATAMARCA
3835;RINCON;CATAMARCA
3835;ROSARIO DE COLANA;CATAMARCA
3835;SAN FERNANDO;CATAMARCA
3835;SAN MIGUEL;CATAMARCA
3835;SAUJIL;CATAMARCA
3835;SIJAN;CATAMARCA
3835;SINGUIL;CATAMARCA
3835;TATON;CATAMARCA
3835;VILLA VILL;CATAMARCA
3837;COPACABANA;CATAMARCA
3837;EL DURAZNO OESTE;CATAMARCA
3837;EL PUEBLITO;CATAMARCA
3837;FIAMBALA;CATAMARCA
3837;LA GRUTA;CATAMARCA
3837;LAS CORTADERAS;CATAMARCA
3837;MEDANITOS;CATAMARCA
3837;PALO BLANCO;CATAMARCA
3837;PUNTA DEL AGUA;CATAMARCA
3837;SAUJIL;CATAMARCA
3837;TINOGASTA;CATAMARCA
3838;EL CAJON;CATAMARCA
3838;LA HOYADA;CATAMARCA
3838;SAN JOSE NORTE;CATAMARCA
3838;SANTA MARIA;CATAMARCA
3841;MONTE QUEMADO;SANTIAGO DEL ESTERO
3841;PAMPA DE LOS GUANACOS;SANTIAGO DEL ESTERO
3841;SACHAYOJ;SANTIAGO DEL ESTERO
3843;QUIMILI;SANTIAGO DEL ESTERO
3844;AÑATUYA;SANTIAGO DEL ESTERO
3844;COLONIA DORA;SANTIAGO DEL ESTERO
3844;HERRERA;SANTIAGO DEL ESTERO
3844;ICAÑO;SANTIAGO DEL ESTERO
3844;LUGONES;SANTIAGO DEL ESTERO
3844;MAILIN;SANTIAGO DEL ESTERO
3844;REAL SAYANA;SANTIAGO DEL ESTERO
3844;TACAÑITAS;SANTIAGO DEL ESTERO
3845;BREA POZO;SANTIAGO DEL ESTERO
3845;ESTACION ATAMISQUI;SANTIAGO DEL ESTERO
3845;MEDELLIN;SANTIAGO DEL ESTERO
3845;NUEVA FRANCIA;SANTIAGO DEL ESTERO
3845;VILLA ATAMISQUI;SANTIAGO DEL ESTERO
3845;VILLA NUEVA;SANTIAGO DEL ESTERO
3845;VILLA SAN MARTIN;SANTIAGO DEL ESTERO
3846;CAMPO GALLO;SANTIAGO DEL ESTERO
3846;TINTINA;SANTIAGO DEL ESTERO
385;ANTAJE;SANTIAGO DEL ESTERO
385;ARRAGA;SANTIAGO DEL ESTERO
385;BELTRAN;SANTIAGO DEL ESTERO
385;CAÑADA ESCOBAR;SANTIAGO DEL ESTERO
385;CLODOMIRA;SANTIAGO DEL ESTERO
385;CHAUCHILLAS;SANTIAGO DEL ESTERO
385;EL ZANJON;SANTIAGO DEL ESTERO
385;FERNANDEZ;SANTIAGO DEL ESTERO
385;FORRES;SANTIAGO DEL ESTERO
385;LA AURORA;SANTIAGO DEL ESTERO
385;LOS NUÑEZ;SANTIAGO DEL ESTERO
385;LOS QUIROGA;SANTIAGO DEL ESTERO
385;LOS SORIA;SANTIAGO DEL ESTERO
385;MACO;SANTIAGO DEL ESTERO
385;MAQUITO;SANTIAGO DEL ESTERO
385;SANTA MARIA;SANTIAGO DEL ESTERO
385;SANTIAGO DEL ESTERO;SANTIAGO DEL ESTERO
385;SIMBOL;SANTIAGO DEL ESTERO
385;SIMBOLAR;SANTIAGO DEL ESTERO
385;TRAMO 16;SANTIAGO DEL ESTERO
385;TRAMO 20;SANTIAGO DEL ESTERO
385;VILMER;SANTIAGO DEL ESTERO
385;VUELTA DE LA BARRANCA;SANTIAGO DEL ESTERO
385;YANDA;SANTIAGO DEL ESTERO
3854;ANCAJAN;SANTIAGO DEL ESTERO
3854;CHOYA;SANTIAGO DEL ESTERO
3854;FRIAS;SANTIAGO DEL ESTERO
3854;GENERAL LAVALLE;SANTIAGO DEL ESTERO
3854;LAS PALOMITAS;SANTIAGO DEL ESTERO
3854;SAN PEDRO;SANTIAGO DEL ESTERO
3854;TAPSO;CATAMARCA
3855;BANDERA BAJADA;SANTIAGO DEL ESTERO
3855;CASPI CORRAL;SANTIAGO DEL ESTERO
3855;COLONIA EL SIMBOLAR;SANTIAGO DEL ESTERO
3855;GARZA;SANTIAGO DEL ESTERO
3855;KILOMETRO 30;SANTIAGO DEL ESTERO
3855;MATARA;SANTIAGO DEL ESTERO
3855;MINERVA;SANTIAGO DEL ESTERO
3855;SUNCHO CORRAL;SANTIAGO DEL ESTERO
3856;LOS TELARES;SANTIAGO DEL ESTERO
3856;OJO DE AGUA;SANTIAGO DEL ESTERO
3856;SALAVINA;SANTIAGO DEL ESTERO
3856;SUMAMPA;SANTIAGO DEL ESTERO
3857;BANDERA;SANTIAGO DEL ESTERO
3857;COLONIA ALPINA;SANTIAGO DEL ESTERO
3857;GUARDIA ESCOLTA;SANTIAGO DEL ESTERO
3857;LOS JURIES;SANTIAGO DEL ESTERO
3857;MALBRAN;SANTIAGO DEL ESTERO
3857;PALO NEGRO;SANTIAGO DEL ESTERO
3857;PINTO;SANTIAGO DEL ESTERO
3857;SELVA;SANTIAGO DEL ESTERO
3858;COLONIA TINCO;SANTIAGO DEL ESTERO
3858;EL CHARCO;SANTIAGO DEL ESTERO
3858;LA DONOSA;SANTIAGO DEL ESTERO
3858;MANSUPA;SANTIAGO DEL ESTERO
3858;POZO HONDO;SANTIAGO DEL ESTERO
3858;POZUELOS;SANTIAGO DEL ESTERO
3858;TERMAS DE RIO HONDO;SANTIAGO DEL ESTERO
3858;VILLA RIO HONDO;SANTIAGO DEL ESTERO
3858;VINARA;SANTIAGO DEL ESTERO
3861;ARENALES;SANTIAGO DEL ESTERO
3861;BOBADAL;SANTIAGO DEL ESTERO
3861;EL MOJON;SANTIAGO DEL ESTERO
3861;NUEVA ESPERANZA;SANTIAGO DEL ESTERO
3861;POZO BETBEDER;SANTIAGO DEL ESTERO
3861;RAPELLI;SANTIAGO DEL ESTERO
3861;SANTO DOMINGO;SANTIAGO DEL ESTERO
3862;CHOROMORO;TUCUMAN
3862;GONZALO;TUCUMAN
3862;NORCO;TUCUMAN
3862;SAN PEDRO DE COLALAO;TUCUMAN
3862;TRANCAS;TUCUMAN
3863;ACHERAL;TUCUMAN
3863;FAMAILLA;TUCUMAN
3863;INDEPENDENCIA;TUCUMAN
3863;LEALES;TUCUMAN
3863;MONTEROS;TUCUMAN
3863;PUEBLO VIEJO;TUCUMAN
3863;RIO COLORADO;TUCUMAN
3863;RIO SECO;TUCUMAN
3863;SANTA LUCIA;TUCUMAN
3863;SANTA ROSA DE LEALES;TUCUMAN
3863;SIMOCA;TUCUMAN
3863;VILLA FIAD;TUCUMAN
3863;VILLA QUINTEROS;TUCUMAN
3865;AGUILARES;TUCUMAN
3865;ALPACHIRI;TUCUMAN
3865;ALTO VERDE;TUCUMAN
3865;ARCADIA;TUCUMAN
3865;COLONIA NUEVA TRINIDAD;TUCUMAN
3865;CONCEPCION;TUCUMAN
3865;ESCABA DE ABAJO;TUCUMAN
3865;JUAN BAUTISTA ALBERDI;TUCUMAN
3865;LA COCHA;TUCUMAN
3865;LA TRINIDAD;TUCUMAN
3865;LOS SARMIENTOS;TUCUMAN
3865;PUEBLO VIEJO;TUCUMAN
3865;SANTA ANA;TUCUMAN
3865;VILLA BELGRANO;TUCUMAN
3867;EL MOLLAR;TUCUMAN
3867;TAFI DEL VALLE;TUCUMAN
3868;ANGASTACO;SALTA
3868;ANIMAMA;SALTA
3868;CACHI;SALTA
3868;CAFAYATE;SALTA
3868;EL BARRIAL;SALTA
3868;FINCA PALERMO;SALTA
3868;LA PAYA;SALTA
3868;LURACATAO;SALTA
3868;MOLINOS;SALTA
3868;PAYOGASTA;SALTA
3868;SAN CARLOS;SALTA
3868;SECLANTAS;SALTA
3868;TOLOMBON;SALTA
3869;ESTACION ARAOZ;TUCUMAN
3869;LAS CEJAS;TUCUMAN
3869;LOS RALOS;TUCUMAN
3869;PALA PALA;TUCUMAN
3869;QUILMES;TUCUMAN
3869;RANCHILLOS;TUCUMAN
3869;VILLA RESCATE;TUCUMAN
387;ATOCHA;SALTA
387;CAMPO QUIJANO;SALTA
387;CAMPO SANTO;SALTA
387;CERRILLOS;SALTA
387;COBOS;SALTA
387;CORONEL MOLDES;SALTA
387;CHICOANA;SALTA
387;EL CARRIL;SALTA
387;GUACHIPAS;SALTA
387;GUEMES;SALTA
387;INGENIERO MAURY;SALTA
387;LA CALDERA;SALTA
387;LA CALDERILLA;SALTA
387;LA CIENAGA;SALTA
387;LA MERCED;SALTA
387;LA SILLETA;SALTA
387;LA VINA;SALTA
387;LAS COSTAS;SALTA
387;LOS ALAMOS;SALTA
387;MINA SIJES;SALTA
387;MINA TINCALAYU;SALTA
387;OLACAPATO;SALTA
387;PASO DE SICO;SALTA
387;ROSARIO DE LERMA;SALTA
387;SALAR DE POCITOS;SALTA
387;SALTA;SALTA
387;SAN AGUSTIN;SALTA
387;SAN ANTONIO DE LOS COBRES;SALTA
387;SAN LORENZO;SALTA
387;SAN LUIS;SALTA
387;TOLAR GRANDE;SALTA
387;TRES POZOS;SALTA
387;VAQUEROS;SALTA
3873;AGUARAY;SALTA
3873;ALTO DE LA SIERRA;SALTA
3873;CAMPAMENTO VESPUCIO;SALTA
3873;CAPIAZUTI;SALTA
3873;CORONEL CORNEJO;SALTA
3873;GENERAL ENRIQUE MOSCONI;SALTA
3873;SALVADOR MAZZA;SALTA
3873;SANTA MARIA;SALTA
3873;SANTA VICTORIA ESTE;SALTA
3873;TARTAGAL;SALTA
3873;TOBANTIRENDA;SALTA
3873;YACUI;SALTA
3876;ANTILLA;SALTA
3876;EL GALPON;SALTA
3876;EL JARDIN;SALTA
3876;EL TALA;SALTA
3876;LA CANDELARIA;SALTA
3876;METAN;SALTA
3876;RIO PIEDRAS;SALTA
3876;ROSARIO DE LA FRONTERA;SALTA
3876;SAN FELIPE;SALTA
3877;APOLINARIO SARAVIA;SALTA
3877;CEIBALITO;SALTA
3877;CENTRO 25 DE JUNIO;SALTA
3877;CORONEL MOLLINEDO;SALTA
3877;EL QUEBRACHAL;SALTA
3877;GAONA;SALTA
3877;GENERAL PIZARRO;SALTA
3877;JOAQUIN V. GONZALEZ;SALTA
3877;LAS LAJITAS;SALTA
3877;LUIS BURELA;SALTA
3877;NUESTRA SEÑORA DE TALAVERA;SALTA
3877;PIQUETE CABADO;SALTA
3877;RIO DEL VALLE;SALTA
3877;TACO POZO;CHACO
3878;AGUAS BLANCAS;SALTA
3878;CAMPICHUELO;SALTA
3878;COLONIA SANTA ROSA;SALTA
3878;CORONEL JUAN SOLA;SALTA
3878;DRAGONES;SALTA
3878;EMBARCACION;SALTA
3878;GENERAL BALLIVIAN;SALTA
3878;HIPOLITO YRIGOYEN;SALTA
3878;ISLA DE CANA;SALTA
3878;LA QUENA;SALTA
3878;LA UNION;SALTA
3878;LOS BLANCOS;SALTA
3878;LOS TOLDOS;SALTA
3878;MISION CHAQUEÑA;SALTA
3878;ORAN;SALTA
3878;PADRE LOZANO;SALTA
3878;PICHANAL;SALTA
3878;PLUMA DE PATO;SALTA
3878;RIVADAVIA;SALTA
3878;URUNDEL;SALTA
388;AGUA CALIENTE;JUJUY
388;ALTO COMEDERO;JUJUY
388;BARCENA;JUJUY
388;BARRIO LA UNION;JUJUY
388;EL CARMEN;JUJUY
388;EL MORENO;JUJUY
388;JUELLA;JUJUY
388;LAS MADERAS;JUJUY
388;LEON;JUJUY
388;LOS ALISOS;JUJUY
388;LOS LAPACHOS - EST. MAQUINISTA VERON;JUJUY
388;LOS MANANTIALES;JUJUY
388;MAIMARA;JUJUY
388;MINA NUEVE DE OCTUBRE;JUJUY
388;MONTERRICO;JUJUY
388;PALPALA;JUJUY
388;PAMPA BLANCA;JUJUY
388;PERICO;JUJUY
388;POSTA DE LOZANO;JUJUY
388;PUESTO VIEJO;JUJUY
388;PURMAMARCA;JUJUY
388;REYES;JUJUY
388;SAN ANTONIO;JUJUY
388;SAN JUANCITO SUR;SAN JUAN
388;SAN SALVADOR DE JUJUY;JUJUY
388;SANTO DOMINGO;JUJUY
388;TERMAS DE REYES;JUJUY
388;TILCARA;JUJUY
388;TUMBAYA;JUJUY
388;VOLCAN;JUJUY
388;YALA;JUJUY
3885;CASIRA;JUJUY
3885;CIENAGA GRANDE;JUJUY
3885;CUSI CUSI;JUJUY
3885;EL ANGOSTO;JUJUY
3885;LA QUIACA;JUJUY
3885;MINA PAN DE AZUCAR;JUJUY
3885;MINA PIRQUITA;JUJUY
3885;NAZARENO;JUJUY
3885;ORATORIO;JUJUY
3885;RINCONADA;JUJUY
3885;SAN JUAN DE MISA RUMI;SAN JUAN
3885;SANTA VICTORIA OESTE;JUJUY
3885;YAVI;JUJUY
3886;CAIMANCITO;JUJUY
3886;CALILEGUA;JUJUY
3886;CHALICAN;JUJUY
3886;EL TALAR;JUJUY
3886;FRAILE PINTADO;JUJUY
3886;LIBERTADOR GENERAL SAN MARTIN;JUJUY
3886;MAIZ NEGRO;JUJUY
3886;PALMA SOLA;JUJUY
3886;PAMPICHUELA;JUJUY
3886;SAN FRANCISCO;JUJUY
3886;VALLE GRANDE;JUJUY
3886;VIÑALITO;JUJUY
3886;YUTO;JUJUY
3887;ABRA PAMPA;JUJUY
3887;ABRALAITE;JUJUY
3887;CATUA;JUJUY
3887;COCTACA;JUJUY
3887;CONDOR;JUJUY
3887;CORANZULI;JUJUY
3887;EL AGUILAR;JUJUY
3887;HIPOLITO YRIGOYEN;JUJUY
3887;HUANCAR;JUJUY
3887;HUMAHUACA;JUJUY
3887;IRUYA;JUJUY
3887;OLAROZ CHICO;JUJUY
3887;PASO DE JAMA;JUJUY
3887;PASTOS CHICOS;JUJUY
3887;PUEBLO VIEJO;JUJUY
3887;SAN JUAN DE QUILLAQUES;SAN JUAN
3887;SANTA ANA;JUJUY
3887;SUSQUES;JUJUY
3887;TRES CRUCES;JUJUY
3887;TUSAQUILLA;JUJUY
3887;UQUIA;JUJUY
3887;VALLE COLORADO;JUJUY
3888;AGUA CALIENTE;JUJUY
3888;ARRAYANAL;JUJUY
3888;BARRO NEGRO;JUJUY
3888;DON EMILIO;JUJUY
3888;EL FUERTE;JUJUY
3888;EL HACHERAL;JUJUY
3888;EL PIQUETE;JUJUY
3888;EL PUESTO;JUJUY
3888;INGENIO LA ESPERANZA;JUJUY
3888;LA MANGA;JUJUY
3888;LA MENDIETA;JUJUY
3888;LAS PAMPITAS;JUJUY
3888;LOTE PALOS BLANCOS;JUJUY
3888;MIRAFLORES;JUJUY
3888;PARAPETI;JUJUY
3888;PIEDRITAS;JUJUY
3888;PUENTE LAVAYEN;JUJUY
3888;SAN ANTONIO;JUJUY
3888;SAN PEDRO;JUJUY
3888;SANTA CLARA;JUJUY
3891;GRANEROS;TUCUMAN
3891;LA MADRID;TUCUMAN
3891;MONTEAGUDO;TUCUMAN
3891;TACO RALO;TUCUMAN
3892;AMAICHA DEL VALLE;TUCUMAN
3892;ANCAJULI;TUCUMAN
3892;COLALAO DEL VALLE;TUCUMAN
3894;BURRUYACU;TUCUMAN
3894;CHORRILLOS;TUCUMAN
3894;GOBERNADOR GARMENDIA;TUCUMAN
3894;LAGUNA DE ROBLES;TUCUMAN
3894;RIO DEL NIO;TUCUMAN
3894;VILLA BENJAMIN ARAOZ;TUCUMAN
